high_flour,low_flour,warm_water,sugar,yeast,olive_oil,salt,standstill,temp,bake_time,extra_effort,pineapple,pearl,elec_power,cooker_age,cooker_gender,label
141.36,106.36,140.97,5.36,5.31,21.37,2.36,34.66,230.0,12.77,True,False,False,1,34,1,1
163.47,14.78,171.0,-2.26,-1.11,-2.56,7.74,47.82,170.51,8.27,False,False,True,1,48,1,0
38.8,187.66,168.03,1.41,0.27,-0.82,9.18,18.29,170.83,3.05,False,True,True,0,71,1,0
216.0,1.61,40.04,13.93,12.8,25.81,-6.38,48.29,182.1,16.07,False,True,True,1,86,1,0
31.61,60.62,217.28,7.7,7.38,-3.28,-4.6,14.62,230.47,20.82,False,True,True,0,33,1,0
156.25,182.28,172.94,4.58,6.83,0.04,-0.23,40.82,189.79,15.56,False,True,True,0,24,0,1
160.74,125.54,119.43,7.7,-1.79,1.78,-6.96,49.72,313.6,18.15,False,True,True,0,49,0,0
40.37,183.09,241.1,15.21,8.3,-1.23,7.51,15.71,117.11,22.43,False,False,True,1,90,1,0
148.43,93.93,136.76,5.7,4.46,18.81,3.01,34.46,215.73,11.32,True,False,False,0,26,1,0
139.36,100.71,141.33,5.53,5.74,7.95,3.53,36.91,228.48,9.68,True,False,False,0,59,0,0
145.91,94.96,130.15,5.6,5.75,15.93,3.43,34.52,227.44,10.67,True,False,False,1,27,0,1
78.77,172.15,233.24,-0.62,3.64,0.59,8.41,48.86,194.97,18.37,False,True,True,0,24,1,0
242.17,117.43,35.03,-2.03,-1.62,-0.66,9.79,15.63,286.89,4.61,False,False,True,1,32,0,0
58.67,168.34,202.58,-4.69,-3.15,-0.99,8.73,48.36,165.68,15.39,False,True,False,0,38,0,0
211.18,83.55,34.94,4.52,3.6,-4.42,-6.86,40.61,148.66,15.99,False,True,True,1,36,0,0
54.08,208.08,194.79,-1.6,13.09,-1.49,0.47,12.07,117.63,5.77,False,True,False,1,77,1,0
200.17,46.67,114.43,12.48,14.85,-0.22,-2.32,17.66,258.14,-0.43,False,True,True,1,34,1,0
33.21,209.23,232.81,11.69,13.06,1.05,-7.9,47.36,133.34,13.39,False,True,True,1,59,1,0
221.3,31.49,72.47,8.1,7.75,4.11,-6.9,15.35,200.97,13.32,False,True,True,0,64,1,0
173.78,118.64,106.57,-1.22,-5.35,25.02,-6.65,19.25,251.11,2.32,False,True,True,1,19,0,0
133.57,102.32,142.01,6.4,5.78,20.74,3.65,21.69,226.28,11.09,True,False,True,1,24,0,0
138.05,98.89,146.89,6.29,5.32,16.33,2.93,36.56,220.98,12.62,True,False,False,0,82,0,1
153.46,35.24,38.44,16.48,7.78,34.39,-7.76,49.8,187.79,4.09,False,True,True,0,98,1,0
134.8,94.2,141.31,5.65,5.47,6.58,2.22,21.16,227.41,12.5,True,False,False,1,35,0,1
186.96,52.12,200.85,2.05,7.37,27.1,4.32,18.17,261.4,20.61,True,False,True,1,18,1,0
203.24,193.17,172.04,4.66,-1.6,27.75,9.63,40.86,245.56,4.04,False,True,True,0,61,1,0
139.45,104.44,131.86,6.1,5.82,8.27,3.22,31.4,215.48,10.15,False,True,False,0,52,0,0
97.55,54.15,216.06,10.38,10.46,-3.36,-4.01,12.69,151.13,8.32,False,True,True,1,25,0,0
84.84,86.29,110.46,7.97,-3.61,31.69,8.83,13.63,252.02,22.06,True,True,True,0,32,1,0
138.14,108.12,137.66,6.27,5.23,9.23,3.63,23.45,219.74,12.59,True,False,False,0,94,0,1
102.13,127.2,209.81,14.68,-2.62,1.49,9.29,11.18,163.23,19.18,False,True,True,1,84,0,0
198.42,-6.16,52.73,14.17,-4.43,2.84,-5.18,13.89,167.55,13.42,False,True,True,0,53,0,1
242.54,69.32,208.32,13.25,9.1,31.58,12.96,45.09,303.4,8.82,False,True,True,1,37,1,0
237.21,155.81,55.45,-4.44,8.77,0.81,4.92,45.34,245.57,21.22,False,True,True,0,82,1,0
113.26,39.27,187.2,-3.31,14.35,4.16,10.3,48.12,326.75,21.1,True,True,True,0,70,1,0
176.45,9.21,91.85,4.06,6.44,31.58,-7.97,12.72,148.2,21.37,False,True,True,0,20,1,0
141.39,100.28,137.65,5.9,4.74,8.36,2.09,35.29,222.48,11.11,True,True,False,0,21,1,1
39.73,126.65,48.93,-0.55,11.9,-4.42,-6.04,43.81,144.02,19.2,False,True,True,1,53,0,0
140.7,105.69,134.8,6.32,5.34,19.62,3.54,38.14,229.77,11.93,True,False,False,0,64,0,1
211.74,30.93,234.58,9.09,1.33,1.04,-7.84,47.98,254.29,13.05,False,True,True,1,77,1,0
140.53,102.11,148.99,5.11,4.92,24.12,2.36,25.02,229.43,11.04,True,True,False,0,92,0,1
193.97,171.13,169.93,14.75,11.16,27.6,-1.14,48.35,182.96,20.45,False,True,True,0,97,1,0
243.43,131.18,42.56,11.65,13.71,28.95,-2.0,18.45,292.14,0.27,False,True,True,0,73,1,0
108.12,30.83,36.9,1.1,13.26,4.47,-1.57,18.29,242.13,3.39,False,True,True,0,19,0,0
233.35,120.64,49.02,-2.79,0.36,25.53,6.74,42.39,296.93,17.26,False,True,True,0,39,1,0
122.79,72.49,225.14,8.89,-1.87,30.51,13.11,15.47,159.85,18.3,False,True,True,1,64,0,0
53.52,0.56,184.76,15.89,9.55,29.9,-3.33,44.3,249.23,0.41,False,True,True,0,81,0,0
214.76,195.3,199.02,-2.47,12.07,29.33,11.95,13.17,291.47,4.11,False,True,True,0,43,1,0
80.5,147.6,96.05,7.8,2.86,-0.27,10.68,46.5,189.77,8.7,True,True,True,0,46,0,0
84.11,141.56,187.65,4.5,8.0,0.91,-3.36,42.68,238.5,8.23,False,True,True,1,74,1,0
121.37,62.23,208.68,8.87,-4.09,28.55,12.99,42.96,170.15,0.85,False,True,False,1,89,0,0
135.08,93.1,144.79,6.77,5.89,14.0,3.09,32.81,217.09,11.89,True,False,False,0,85,0,1
231.48,38.56,56.08,-0.76,-2.22,26.03,0.15,13.73,177.3,22.91,False,True,True,0,90,1,0
240.06,64.95,74.65,10.27,-1.4,-2.76,-1.26,45.25,253.2,7.85,False,True,True,0,58,1,0
149.75,93.85,143.46,6.8,4.09,17.05,3.02,27.16,213.06,9.11,True,False,True,0,76,0,1
72.51,9.59,87.07,0.77,-4.99,34.53,12.78,49.89,325.98,7.57,False,True,True,0,32,1,0
119.38,53.11,166.56,11.08,2.67,-4.2,0.05,43.74,142.51,14.45,True,True,True,1,87,0,0
70.9,-0.65,230.69,0.86,7.85,-2.23,-6.18,13.93,136.45,13.2,False,True,True,1,29,0,0
201.29,200.73,233.6,0.96,2.05,34.73,-1.28,44.48,259.82,2.35,False,True,True,0,63,1,0
156.25,22.26,221.96,2.04,-1.65,1.66,-6.47,10.81,261.49,18.79,False,True,True,1,41,0,0
222.62,129.65,107.64,0.44,13.11,0.56,8.78,49.77,119.08,5.97,True,True,False,0,52,1,0
181.63,77.76,112.9,2.93,1.95,33.67,-5.4,48.99,265.25,8.12,False,True,True,0,37,0,0
65.03,181.88,153.51,0.08,12.42,28.96,10.71,18.69,121.11,3.48,False,True,True,0,38,1,0
183.49,61.58,110.19,-0.94,-3.64,-4.11,4.46,45.56,180.36,8.81,False,True,True,1,51,1,1
39.42,130.19,117.09,3.98,-2.44,-4.97,-4.15,17.29,146.45,13.75,False,True,True,0,60,0,0
59.07,146.68,110.1,10.4,1.58,1.39,-4.37,45.24,165.04,16.72,False,True,True,0,80,0,0
144.03,108.23,144.84,6.75,5.84,20.17,3.66,25.63,221.82,10.11,True,False,False,1,73,1,1
178.51,24.11,182.44,13.5,8.46,26.91,9.19,17.05,290.76,20.14,False,False,True,0,95,0,0
240.55,69.8,115.03,-4.65,6.01,26.94,7.48,44.7,248.88,4.58,False,True,False,1,69,0,0
54.24,5.27,202.53,1.92,-0.29,0.45,-3.05,42.26,154.0,7.2,False,True,True,1,64,0,0
225.29,179.46,205.27,13.34,8.98,27.15,-3.44,45.85,264.09,0.21,False,True,True,1,21,0,0
247.98,-2.44,222.77,-3.12,7.92,-3.29,7.44,12.27,147.78,20.94,False,True,False,0,81,1,0
170.58,206.29,38.59,1.94,10.3,-4.82,-6.11,40.51,143.08,4.71,False,True,True,0,41,1,0
185.94,116.47,44.07,-1.67,10.85,26.03,-5.89,43.2,266.56,17.45,False,True,True,1,58,0,0
138.48,100.88,131.66,5.73,5.03,20.88,3.15,22.8,224.99,9.68,True,False,False,0,79,0,1
227.94,173.1,124.45,1.63,13.55,-4.47,0.28,17.38,278.11,0.07,False,True,True,1,38,1,0
214.08,125.49,224.19,0.2,-5.07,4.06,7.49,16.63,204.46,1.55,False,True,False,1,46,1,0
80.3,-9.18,179.6,9.69,9.63,-2.81,7.19,47.39,308.48,13.19,False,True,True,0,18,0,0
148.24,98.87,133.54,6.92,5.0,15.77,3.25,21.78,219.02,12.84,True,False,False,1,93,1,1
125.89,194.62,217.98,8.04,12.02,-1.11,-3.87,47.91,309.42,-0.88,False,True,True,0,79,1,0
35.35,61.6,30.35,4.39,-4.88,30.48,13.39,41.48,272.97,6.88,False,True,True,1,59,1,0
221.31,162.79,235.39,9.27,2.44,34.55,13.33,16.83,312.06,19.8,False,True,True,1,77,0,0
142.61,101.64,132.26,6.78,4.34,8.87,2.42,33.47,215.98,11.09,True,False,False,0,37,1,1
148.08,100.93,132.29,6.1,4.97,16.53,2.22,31.84,220.11,10.31,False,False,False,0,41,1,1
82.34,83.66,150.1,8.15,2.77,29.2,-2.75,42.93,259.53,1.9,False,True,False,1,96,0,0
156.51,208.45,227.02,9.08,-1.03,26.68,7.17,43.36,180.62,1.72,True,True,True,1,98,0,0
32.64,87.63,181.61,0.11,3.51,26.01,12.93,19.0,285.24,21.91,False,True,True,1,57,1,0
227.69,118.73,55.96,15.37,-5.14,0.44,-0.33,11.11,311.69,1.31,False,True,True,1,91,0,0
156.53,140.99,187.65,-0.83,10.9,31.65,-6.26,17.67,170.4,21.56,False,True,True,1,65,1,0
66.02,117.73,191.68,-1.3,-4.38,31.15,4.49,19.55,231.0,2.22,False,True,True,1,62,1,0
226.13,-9.92,60.49,15.9,11.17,28.53,-4.33,44.96,259.84,6.86,False,True,True,0,70,1,0
217.84,121.75,184.53,3.11,1.16,-2.97,8.83,16.39,285.42,-0.4,False,True,True,0,30,1,0
220.16,61.5,168.65,2.98,-2.61,28.54,0.67,17.85,285.06,17.23,False,True,True,1,67,0,0
145.5,90.73,132.17,5.28,5.32,13.67,2.83,29.42,228.33,9.02,True,False,False,0,40,1,1
133.52,92.06,142.22,6.71,5.03,23.55,3.41,21.61,220.05,11.82,False,False,False,0,84,0,1
130.11,95.39,137.69,5.26,4.14,24.6,3.91,29.18,213.0,9.96,True,False,False,1,28,1,1
167.35,127.33,194.49,14.8,11.32,-2.93,4.01,16.56,252.85,20.21,False,True,True,0,49,0,0
122.61,41.35,207.73,4.98,8.01,-0.07,0.21,18.4,110.92,20.71,False,True,True,1,81,1,0
145.03,100.65,149.48,5.73,5.21,17.97,2.42,26.11,213.56,12.49,True,False,False,1,89,0,1
166.96,58.18,178.28,7.21,-2.97,25.78,0.96,15.21,125.2,15.41,False,True,True,0,94,0,0
49.89,161.77,125.13,9.72,-0.16,29.52,5.95,13.12,303.65,22.8,False,True,True,1,40,0,0
147.75,106.59,148.24,5.45,5.25,17.21,2.98,34.98,211.13,10.93,True,False,False,1,89,0,1
33.31,37.17,210.48,-1.95,-4.11,-3.4,-7.72,19.51,143.65,17.48,False,True,False,1,61,1,0
228.69,11.85,190.67,15.35,3.57,-2.42,-7.57,45.94,305.14,4.09,False,False,True,0,29,1,0
149.62,98.78,138.76,5.31,5.03,8.88,2.72,39.11,214.79,12.77,True,False,True,1,36,0,1
218.75,174.78,116.74,8.25,2.75,34.61,6.72,47.92,296.05,19.09,False,True,True,0,90,0,0
248.89,184.89,215.11,10.93,-3.38,0.97,-2.75,14.2,295.37,2.25,False,True,True,1,58,0,0
68.37,1.06,72.75,11.38,3.12,-4.0,-5.18,45.43,241.08,18.57,False,True,True,1,69,1,0
143.97,102.29,147.6,6.79,5.85,17.92,2.64,32.0,212.92,12.73,True,False,False,1,59,1,1
112.37,54.66,45.09,0.84,-3.88,26.14,-2.2,19.11,236.26,19.95,False,True,False,1,49,1,0
94.71,119.82,90.82,2.7,7.61,-2.62,-0.85,46.31,192.82,1.55,False,True,True,0,27,1,0
138.78,93.5,148.22,6.89,4.76,18.78,3.57,37.46,225.93,12.51,True,False,False,1,97,0,1
147.01,90.42,133.51,6.18,5.01,12.94,2.19,20.28,211.45,10.36,True,False,False,0,51,1,1
127.4,184.3,224.62,-1.98,1.3,29.44,13.75,12.46,329.04,3.76,False,True,True,0,47,0,0
157.27,54.45,117.58,3.85,-2.57,-2.12,-7.04,19.29,297.94,-0.76,False,True,True,0,83,0,0
222.03,9.47,30.21,2.95,6.04,3.96,-1.46,18.32,191.62,19.73,False,True,True,0,40,0,0
151.42,19.77,105.88,-1.55,6.47,3.09,9.2,46.97,279.47,3.78,False,True,True,1,27,1,0
35.13,15.92,121.18,2.26,13.32,0.58,8.16,11.77,306.35,2.88,False,True,True,0,23,0,0
245.93,206.4,89.33,-1.52,10.56,29.92,-2.91,43.39,207.07,6.97,False,True,False,1,40,1,0
49.32,136.1,178.79,2.02,-0.09,33.34,9.27,46.62,118.56,16.11,False,True,False,0,67,0,0
39.82,205.29,77.29,13.15,11.83,-2.51,13.81,44.27,301.42,15.48,False,True,True,1,53,0,0
142.76,95.79,133.86,6.64,5.01,5.19,2.99,29.89,226.16,10.1,True,False,False,0,92,0,1
158.11,75.11,112.22,13.07,7.06,26.71,0.68,17.9,199.34,2.61,False,True,True,0,62,0,0
203.11,64.23,94.56,16.68,12.88,1.8,8.62,43.0,262.82,18.77,False,True,True,1,61,1,0
129.08,209.43,78.94,-0.44,15.24,25.63,-1.75,44.5,294.15,3.59,False,True,True,0,89,0,0
74.15,122.01,238.8,12.29,0.66,1.5,1.6,48.53,140.29,22.48,False,True,True,0,96,0,0
204.07,163.91,51.86,4.29,-5.95,30.53,5.76,14.14,253.64,13.99,False,True,True,0,46,0,0
91.67,18.93,207.82,14.28,14.82,-4.94,-3.75,17.71,325.33,2.85,False,True,True,0,100,0,0
151.91,43.02,178.68,-3.91,14.59,-3.59,-3.2,40.86,190.64,1.25,True,True,True,0,81,0,0
204.79,115.48,216.48,1.0,-0.07,-0.47,10.78,48.13,329.89,4.86,True,True,True,0,18,1,0
230.91,126.66,215.98,11.84,12.63,-1.83,8.31,48.95,123.0,8.09,False,True,False,1,23,0,0
244.76,84.68,89.39,1.34,8.96,33.56,-6.2,41.82,234.48,1.7,False,True,True,1,24,0,0
134.79,98.75,145.45,5.48,4.69,5.87,3.51,39.88,213.86,10.75,True,False,False,1,71,0,1
122.17,50.37,214.0,-1.64,8.77,-3.6,9.27,15.3,318.7,16.44,False,True,True,0,19,1,0
213.28,179.97,218.37,-4.73,1.13,27.28,11.79,19.05,251.44,3.97,False,True,True,0,70,0,0
123.06,144.5,67.17,-4.37,1.87,28.07,-6.93,15.81,271.64,6.21,False,True,True,1,57,0,0
36.73,71.67,190.52,-3.47,-3.58,-2.95,-6.86,18.79,258.25,2.35,False,False,True,0,42,0,0
137.83,90.77,139.71,5.04,5.86,21.22,2.03,23.1,211.33,10.84,True,False,False,0,25,0,1
62.07,25.46,216.87,2.88,12.28,1.24,11.21,13.85,194.35,19.43,False,True,True,0,25,0,0
76.47,159.5,43.29,11.59,7.14,-1.34,8.88,14.22,115.73,15.5,False,True,True,0,90,0,0
83.73,49.47,185.69,7.57,14.14,2.06,8.58,10.63,238.53,15.99,True,False,False,1,77,0,0
81.59,171.69,166.76,3.69,6.91,27.82,13.66,18.48,197.39,4.84,False,True,True,1,82,0,1
112.6,77.4,51.91,-1.71,-5.73,26.46,5.53,13.02,190.52,15.03,False,True,True,1,59,0,0
133.45,109.56,141.22,5.1,5.02,20.15,2.4,31.64,221.1,12.87,True,False,True,0,95,1,1
205.06,69.07,65.72,16.26,0.71,-3.15,11.68,43.34,250.36,16.45,False,True,True,0,52,1,0
231.0,134.17,116.13,7.83,-3.9,0.78,6.52,13.33,132.13,20.27,False,True,True,0,98,1,0
134.98,109.82,140.11,5.04,5.98,14.76,2.54,33.44,219.33,9.26,True,False,False,0,57,0,1
81.35,138.11,75.78,12.82,3.37,26.55,-7.19,12.45,298.41,20.64,False,True,True,1,93,1,0
134.71,92.65,136.5,6.32,5.49,22.9,2.0,27.72,212.53,10.69,True,False,False,0,24,1,1
247.73,145.74,152.44,-0.89,2.63,0.3,-1.01,16.04,257.11,18.32,False,True,True,1,44,0,0
32.01,187.71,185.47,2.3,11.29,29.56,4.33,47.58,284.18,19.94,False,True,True,0,90,0,0
135.32,106.05,136.17,5.69,4.48,8.71,2.28,37.72,212.66,11.38,True,False,False,1,88,0,1
178.66,-3.7,115.93,-0.3,13.97,-1.13,13.96,47.05,281.99,15.6,False,True,True,0,28,0,0
230.69,81.98,97.23,0.41,10.78,26.04,12.3,13.58,323.86,7.72,False,True,True,1,89,0,0
201.59,47.7,190.88,10.97,1.09,30.12,4.21,48.65,303.31,2.73,False,True,True,1,26,0,0
139.61,102.32,143.64,5.88,5.6,22.05,2.63,23.37,217.71,9.32,True,False,False,0,25,0,1
161.5,8.84,119.48,-0.47,-3.09,32.52,6.45,45.04,261.07,13.88,False,True,True,1,51,1,0
127.79,59.22,182.64,8.51,0.54,29.76,-2.21,12.97,276.53,18.58,True,False,True,0,90,0,0
186.68,32.71,115.83,9.8,-1.94,28.87,5.48,18.66,241.47,-0.62,False,True,True,0,80,0,0
195.64,201.45,37.08,7.13,15.72,28.11,11.05,48.51,141.63,19.17,False,True,True,0,74,1,0
139.52,94.68,135.61,5.27,4.64,9.51,2.83,29.91,215.72,12.8,False,False,False,0,82,1,1
96.27,-4.19,241.24,8.59,1.75,2.14,-7.76,10.38,142.71,6.52,False,True,True,0,32,0,0
185.71,172.11,96.68,9.01,15.37,2.32,9.83,16.99,306.4,18.2,False,True,True,1,75,0,0
138.73,94.96,143.44,5.18,4.66,6.32,3.71,23.56,210.74,12.01,True,False,False,1,58,0,1
60.53,0.16,201.68,14.09,11.76,28.39,-6.65,17.94,304.95,16.75,False,True,True,0,83,0,0
171.1,152.3,243.57,13.27,8.78,-1.58,0.03,44.25,184.03,0.34,False,True,True,1,59,1,0
158.89,51.96,32.88,-1.4,2.28,1.55,-4.42,48.45,320.23,15.8,False,True,True,1,38,0,0
83.2,40.48,60.69,12.03,8.64,34.39,-0.79,12.51,289.12,7.09,False,True,True,0,22,0,0
104.66,113.71,171.11,13.11,2.29,2.77,-2.03,15.74,110.66,22.48,False,True,True,1,98,0,0
138.74,106.27,145.47,6.72,4.31,11.08,3.78,29.02,219.49,12.53,True,False,True,1,58,0,1
52.25,10.45,225.9,11.47,2.12,-3.62,-0.99,18.03,307.63,8.27,False,True,True,1,75,0,0
205.8,81.9,191.86,15.99,15.93,-4.27,12.06,16.65,265.65,0.02,False,True,True,0,61,0,0
228.83,-7.8,164.36,1.23,11.6,1.58,5.8,49.08,232.42,19.21,False,False,True,1,87,0,0
239.47,24.86,176.46,1.26,12.04,29.42,13.89,19.71,324.73,5.12,False,True,True,1,41,0,0
52.88,183.88,186.36,11.3,2.79,31.54,-3.86,13.17,278.88,2.93,False,True,True,0,89,0,0
135.11,101.59,142.52,6.99,5.43,24.72,3.67,36.3,228.25,12.72,True,False,False,1,40,1,1
86.98,51.12,215.06,-0.54,10.23,1.7,-0.49,19.3,205.3,17.65,False,True,True,0,57,0,0
232.63,152.27,246.89,8.57,-2.74,33.27,-7.77,16.21,261.67,2.83,False,True,True,1,23,1,0
135.1,99.23,140.36,6.0,4.25,10.6,3.17,30.73,220.75,11.38,True,False,False,1,100,0,1
207.74,188.03,55.53,0.03,11.58,-2.45,-7.25,48.65,265.8,21.38,False,True,True,1,49,1,0
245.23,6.87,118.06,7.01,1.35,31.94,4.99,13.58,207.25,14.88,False,True,False,1,76,1,0
230.05,40.51,123.31,11.28,13.33,-1.59,12.62,42.81,208.04,0.88,False,True,True,1,67,0,0
47.93,161.08,74.98,11.97,8.11,-3.89,6.45,10.81,185.83,5.36,True,False,True,0,65,0,0
166.14,-7.1,106.39,10.61,0.17,-4.39,6.76,43.64,312.18,2.54,False,True,True,1,57,1,1
209.25,31.43,173.97,4.18,8.9,4.27,7.46,48.49,112.55,16.31,False,True,True,1,41,0,0
45.48,158.85,113.91,3.9,9.07,0.93,12.02,41.03,313.55,8.01,False,True,True,1,38,1,0
33.32,202.82,152.54,9.27,3.76,1.37,11.14,14.4,322.27,8.51,False,False,True,1,56,0,0
186.15,58.84,199.31,1.21,12.55,-0.45,-1.75,49.28,322.33,1.71,True,True,True,1,73,1,1
66.93,-2.3,126.76,-3.59,-2.96,26.49,-7.31,45.68,135.85,8.49,True,True,True,1,52,1,1
141.72,103.18,144.62,5.41,5.14,18.31,2.09,39.43,221.3,12.68,True,False,False,0,66,0,1
76.58,160.19,163.78,9.75,11.84,25.63,8.01,41.36,177.95,6.13,False,True,True,0,84,1,0
138.47,106.67,146.13,6.27,4.04,21.91,3.49,30.31,220.82,10.66,True,False,False,1,65,1,1
130.55,105.52,130.19,5.12,5.31,12.19,3.38,39.45,222.94,10.23,True,False,False,0,64,1,1
123.39,22.48,73.3,16.27,8.06,30.81,-1.68,19.78,263.04,21.2,False,False,True,1,29,0,0
139.01,100.2,145.42,5.8,4.13,19.32,3.85,29.57,218.04,9.9,True,False,False,0,25,1,1
194.6,124.08,87.25,-3.11,12.08,2.61,12.47,46.78,110.39,7.63,False,True,True,1,65,1,0
146.01,105.17,146.08,5.88,5.97,22.13,3.24,22.47,220.13,12.28,True,False,False,0,36,0,1
132.2,107.18,143.41,6.91,5.6,23.89,2.74,25.39,227.66,10.12,True,False,False,0,59,1,1
37.72,-6.72,73.27,0.26,-5.87,-1.18,8.37,48.25,170.56,0.76,False,True,True,1,73,1,0
40.79,-6.11,42.33,15.9,0.9,-4.01,13.87,48.68,175.33,7.44,False,False,True,1,35,1,0
219.39,-4.15,91.19,9.29,-1.87,26.14,7.24,11.63,123.65,21.86,False,True,True,0,78,0,0
96.69,128.86,182.51,9.59,-0.85,0.15,4.11,16.61,302.67,22.37,False,True,True,1,43,1,0
172.3,194.57,73.73,16.92,-3.03,1.53,6.38,45.76,329.07,4.23,False,True,True,0,86,1,0
145.01,100.57,144.82,6.49,4.75,17.15,3.63,36.77,215.07,10.74,True,False,False,0,97,1,0
70.02,130.79,126.67,7.07,15.08,2.09,11.67,12.69,195.26,13.4,False,True,True,1,68,0,0
63.28,67.03,92.75,15.26,7.17,-0.05,-4.39,46.83,173.6,4.09,False,True,True,1,27,0,0
182.56,-7.12,212.95,14.05,10.51,33.16,-6.49,42.13,320.56,7.02,False,True,True,1,93,1,0
92.7,188.54,215.98,13.18,11.11,0.9,-2.23,12.94,243.22,5.6,False,True,True,0,20,0,0
35.81,162.66,112.36,11.77,1.51,33.61,10.89,11.28,243.23,22.68,False,True,True,0,49,1,0
39.15,200.36,47.41,-0.59,7.88,-3.36,7.17,11.52,242.5,17.93,True,True,True,0,74,1,0
247.86,9.52,221.22,-0.22,7.28,25.43,-3.84,46.37,118.24,15.76,False,True,True,0,18,1,0
88.22,38.64,184.23,-3.62,12.89,34.76,-2.12,15.56,326.94,22.29,False,True,True,1,85,0,0
112.91,30.31,238.58,15.95,13.67,29.28,9.18,18.96,325.0,16.98,False,True,True,1,24,0,0
187.97,64.15,100.25,-2.61,8.18,31.98,10.21,15.43,291.26,0.84,False,True,True,0,60,1,0
243.03,-6.26,211.59,14.31,0.08,34.83,-4.52,48.41,236.85,7.72,False,True,True,1,73,1,0
217.16,37.85,85.99,-1.44,10.0,33.73,-5.64,18.05,297.21,13.35,False,True,True,1,75,1,0
73.11,130.85,235.57,-4.96,10.65,29.55,12.74,13.93,195.31,3.77,True,True,True,0,71,1,0
126.18,71.03,85.98,0.09,12.74,26.77,-5.79,14.59,325.64,-0.25,False,True,True,1,33,0,0
235.58,64.43,230.75,16.02,-3.73,1.74,12.48,42.43,274.89,13.4,False,True,True,1,56,1,0
229.88,10.5,129.48,13.86,15.19,0.74,12.08,40.48,128.66,21.69,False,True,True,0,76,1,0
234.37,24.86,83.82,0.34,-4.51,1.07,-6.57,10.64,313.93,3.09,False,True,True,1,49,0,0
225.16,135.88,44.53,4.79,14.28,-4.96,-4.38,17.78,142.51,3.45,False,True,True,1,100,0,0
182.38,167.28,245.47,7.53,14.62,-4.44,7.27,46.15,296.62,22.05,False,True,True,0,24,1,0
240.44,4.71,73.77,9.6,-5.82,-3.48,-0.73,43.81,198.37,2.19,False,True,False,1,25,0,1
52.5,150.83,176.37,-0.87,-3.72,1.54,-3.63,18.12,201.33,16.54,False,False,True,0,34,0,0
41.8,-9.39,242.37,16.63,7.05,34.89,-3.57,43.19,249.82,3.4,False,False,True,0,82,1,0
136.34,98.08,130.54,6.26,4.71,5.9,2.73,27.75,217.76,10.41,True,False,False,0,88,0,1
139.95,99.72,130.31,5.22,5.09,7.39,2.64,34.36,227.74,11.47,True,False,True,0,30,1,1
143.18,104.0,147.3,5.18,5.3,13.0,2.82,29.42,224.42,9.51,True,False,False,0,28,0,1
171.23,31.33,80.27,12.04,-0.12,4.52,0.99,19.11,135.81,8.3,False,False,True,1,63,1,0
212.26,121.12,178.0,16.72,15.44,-1.71,11.07,48.58,311.57,-0.46,False,True,True,0,52,0,0
197.92,144.17,203.63,9.77,11.61,28.62,-0.83,16.51,146.95,19.16,False,False,True,1,18,1,0
52.12,71.91,63.21,13.62,8.54,0.43,-7.04,10.68,201.07,15.2,False,True,True,0,25,1,0
133.24,90.21,133.8,6.97,5.43,13.12,3.46,27.65,214.7,11.9,True,False,False,0,95,1,1
38.81,42.81,217.99,3.65,0.4,2.03,1.55,40.75,234.62,1.86,False,True,True,1,86,1,0
134.74,101.86,148.68,5.41,4.12,18.67,2.61,38.66,212.1,12.86,True,False,False,0,72,0,1
207.68,43.93,68.96,14.94,3.35,27.63,-1.29,15.1,322.39,14.92,False,False,False,0,94,1,0
136.88,96.92,130.89,6.72,5.57,12.03,2.64,20.04,221.76,12.09,True,False,False,1,67,0,0
128.19,41.63,217.26,8.78,3.13,25.78,9.66,45.04,237.07,14.63,False,True,True,1,58,1,0
133.47,104.05,138.01,5.0,4.99,17.38,2.84,37.63,229.99,9.49,True,False,False,1,74,0,1
37.68,179.36,34.7,1.67,14.07,2.39,13.21,46.36,244.92,14.82,False,True,True,0,18,1,0
142.18,104.6,147.48,6.77,4.41,19.19,2.05,35.1,227.02,11.52,False,False,False,1,19,1,1
210.38,195.71,126.2,10.67,3.09,0.09,-3.98,42.48,303.97,14.01,False,True,True,0,69,1,0
94.7,178.27,54.96,7.8,0.53,27.13,1.58,47.05,261.11,8.63,False,True,True,1,87,1,1
119.99,145.55,196.53,12.21,14.89,25.37,10.68,17.12,309.08,-0.21,False,False,True,1,97,0,0
206.81,12.71,44.27,1.6,-3.27,27.56,0.49,14.03,314.82,22.59,False,False,True,1,75,1,0
106.76,63.76,71.99,-2.67,0.2,3.49,11.43,41.21,258.2,8.53,False,True,True,1,21,1,0
234.36,6.85,205.23,2.84,8.5,26.24,6.17,47.83,237.18,3.28,False,True,True,0,100,1,0
32.41,23.77,245.16,-3.19,11.99,3.26,9.21,42.17,320.92,21.27,False,True,False,0,64,1,0
78.82,185.07,171.28,8.88,-0.48,-4.33,10.86,12.78,151.15,13.66,True,True,True,0,37,0,0
214.52,174.99,107.58,0.82,-4.75,2.33,8.54,14.97,307.88,8.56,False,True,True,1,21,1,0
70.08,173.21,67.33,-4.62,0.47,-2.5,6.4,11.03,179.77,22.39,False,True,True,0,19,1,0
57.37,170.85,43.0,9.1,-0.34,1.23,-4.03,49.32,302.95,17.16,False,True,True,1,26,1,0
219.49,207.13,70.51,14.21,8.81,30.61,10.35,42.53,205.07,7.45,False,True,True,0,37,1,0
169.0,157.65,218.86,7.52,11.89,28.97,-0.91,13.55,298.84,7.29,False,True,True,0,92,1,0
78.12,207.54,217.5,-2.09,-2.08,4.83,-3.25,44.05,279.49,1.76,False,False,True,1,21,1,0
132.36,109.94,140.41,6.72,5.13,5.16,4.0,20.55,225.84,9.82,True,False,False,1,65,0,0
200.4,196.29,210.53,2.37,14.93,-1.89,12.03,48.99,151.06,22.51,False,True,True,1,98,0,0
220.31,208.0,173.75,11.51,14.5,-0.1,-2.16,16.45,199.31,1.97,False,True,False,1,75,1,0
46.04,174.39,30.14,3.73,3.99,26.98,-5.52,42.43,251.39,16.57,False,True,True,0,49,1,0
147.95,93.21,133.15,5.77,4.37,23.29,2.47,36.82,228.4,10.21,False,False,False,1,71,1,1
241.01,0.66,167.49,7.04,-2.48,-1.92,8.52,46.01,206.84,1.1,False,True,True,0,40,0,0
182.78,-9.3,93.2,-1.14,0.99,-2.58,4.26,49.49,298.88,14.7,False,False,True,1,98,0,1
233.36,11.61,90.62,10.94,1.97,-2.36,-3.22,10.74,206.63,0.81,False,True,False,1,45,0,0
171.06,14.22,193.94,15.96,0.06,-2.36,5.63,10.05,279.45,14.1,False,True,True,1,34,1,0
95.58,205.93,69.24,-2.75,0.98,-0.03,6.63,18.8,285.85,22.16,False,True,True,1,63,1,0
61.94,183.42,95.78,1.12,-1.86,-3.47,0.34,10.77,135.42,16.56,False,True,True,1,38,1,0
128.74,184.75,129.04,-2.29,-2.72,33.23,12.34,11.42,318.51,22.42,False,False,True,1,73,1,1
185.56,137.68,216.04,9.05,-0.94,34.12,8.13,46.65,172.27,20.21,True,True,True,0,95,0,0
228.86,151.81,106.38,2.96,1.73,4.16,5.47,12.48,123.15,22.22,False,True,True,1,75,1,0
225.87,26.83,114.45,11.98,10.37,3.49,4.41,19.88,283.49,5.78,False,True,True,1,55,1,0
80.57,188.0,101.17,-0.32,8.02,25.58,10.86,42.32,153.89,7.34,False,True,True,1,93,0,0
105.04,203.17,165.13,10.06,-1.34,2.3,-2.77,14.88,180.71,2.47,False,True,True,0,45,0,0
56.25,183.14,196.92,1.84,10.25,26.84,-4.5,44.75,200.59,18.66,False,True,True,1,29,0,0
117.21,32.01,226.21,11.02,13.36,-4.23,-2.84,11.17,138.03,3.18,True,True,True,1,98,0,0
142.89,107.5,145.43,6.56,4.8,12.89,2.57,29.99,223.21,9.43,True,False,False,1,68,0,1
168.01,-3.21,153.46,2.84,-4.3,27.23,-3.58,13.89,312.32,4.25,False,True,True,0,66,0,0
146.45,100.85,135.65,5.5,5.55,6.08,3.54,37.85,213.62,10.63,True,False,False,0,94,1,1
80.63,86.53,37.81,-4.72,8.7,-2.0,7.1,18.39,133.83,18.06,False,True,True,0,18,0,0
88.35,113.13,166.8,3.84,10.38,30.44,12.03,46.02,127.9,3.75,False,True,True,1,31,0,0
75.29,87.23,86.96,7.42,-3.58,-3.65,-1.64,13.16,157.43,13.56,False,True,True,0,51,1,0
79.03,179.32,55.03,10.29,13.65,30.97,-4.55,14.92,285.11,17.79,False,True,True,1,79,0,0
162.08,124.8,242.51,12.33,14.38,3.59,8.65,15.11,234.31,3.96,False,True,True,1,33,1,0
147.41,101.08,145.74,6.85,4.48,13.34,2.35,33.47,217.2,10.23,True,False,True,1,86,1,1
94.48,200.57,70.06,14.15,7.05,34.31,-0.47,19.97,267.06,14.64,False,True,True,1,29,0,0
106.01,79.13,185.39,-4.43,9.18,2.5,10.37,47.58,157.71,5.78,False,True,True,1,85,0,0
219.71,192.98,240.61,3.65,-2.53,1.26,8.58,15.45,130.22,21.66,True,True,True,0,75,0,0
140.3,96.79,132.84,5.9,5.62,21.99,3.27,35.0,229.8,10.93,True,False,False,0,54,1,1
191.35,-5.71,164.69,10.32,-1.95,-3.2,0.92,13.84,203.6,0.11,False,False,True,1,29,0,0
187.84,49.11,215.29,10.09,12.93,32.57,-2.79,12.47,296.33,5.72,False,True,False,0,30,0,1
216.17,131.37,197.08,14.93,0.74,33.84,-3.46,45.77,191.13,17.35,True,True,True,1,67,1,0
148.22,103.65,138.48,6.36,4.56,22.88,2.5,22.63,228.01,11.74,True,False,False,1,32,1,1
51.53,198.32,123.27,-1.27,1.19,-2.92,-0.72,49.95,296.68,21.68,False,True,True,0,81,0,0
163.4,113.22,235.55,-3.25,-3.26,26.18,-6.71,17.5,174.87,1.62,False,True,True,1,30,1,0
158.31,149.31,156.09,-4.51,0.35,-2.95,-4.34,18.2,290.62,1.15,False,True,True,0,21,0,0
228.21,69.08,202.63,7.56,2.24,-0.58,-7.07,11.96,266.82,6.92,False,True,True,0,91,1,0
142.35,90.43,135.55,6.02,4.18,6.77,2.29,30.61,210.81,12.35,True,False,False,1,86,1,1
217.23,22.35,188.26,8.3,3.34,26.51,8.97,12.07,279.29,2.81,False,True,True,1,67,1,0
95.8,195.84,176.8,3.52,11.44,28.46,-5.66,40.27,251.46,20.17,False,True,True,0,83,0,0
144.24,103.9,133.89,5.77,4.13,18.74,3.88,35.25,226.53,9.37,True,False,False,0,36,0,0
130.87,106.36,135.41,5.92,4.6,13.99,3.4,20.25,210.56,9.57,True,False,False,0,79,1,1
184.6,154.36,176.5,13.79,12.42,2.72,8.91,10.09,146.34,20.89,False,True,True,1,97,0,0
89.71,151.94,194.1,9.92,7.02,31.33,10.86,18.98,180.73,0.29,False,True,True,1,77,0,0
244.08,-4.92,124.35,-1.65,-5.43,1.89,-2.59,10.12,142.91,22.2,False,True,False,1,97,0,0
85.85,-5.44,79.14,2.71,-3.84,-0.66,9.82,44.57,322.26,1.11,False,True,True,1,56,1,0
52.53,142.46,199.56,16.79,10.73,32.51,8.51,48.76,261.78,6.03,False,True,True,0,32,1,0
134.51,94.27,148.96,6.02,4.95,18.4,2.61,22.3,215.96,9.35,True,False,False,0,73,0,1
175.27,34.26,69.38,8.65,7.7,26.07,9.02,17.75,301.09,16.75,False,True,True,0,44,0,0
35.29,34.86,81.8,15.92,11.26,29.34,1.38,11.74,239.91,7.69,False,True,True,1,62,1,0
248.19,148.81,188.3,-1.7,1.62,27.22,7.06,12.68,180.91,22.66,False,True,True,1,54,0,0
123.5,206.08,181.05,7.08,-1.67,31.51,11.2,10.08,304.51,14.08,False,True,True,1,24,1,0
221.25,17.26,81.4,-4.42,-0.61,33.65,-4.4,13.06,195.49,6.34,False,True,True,1,35,0,0
43.52,39.27,180.26,-0.62,14.73,-0.16,-7.56,48.8,188.97,3.8,False,True,True,1,41,1,0
131.38,94.53,145.96,6.28,5.78,14.1,2.35,20.54,219.58,12.91,True,False,False,1,89,1,1
249.04,195.62,151.08,-3.95,-4.8,32.86,6.67,49.65,123.96,21.0,False,True,True,0,83,0,0
110.25,156.34,102.27,13.82,7.1,3.07,9.64,45.69,239.83,4.85,False,True,True,0,53,1,0
134.66,107.14,142.82,6.2,5.46,13.71,3.06,37.96,210.37,10.02,True,False,False,0,30,0,1
193.96,-4.01,219.05,0.09,15.82,-0.41,13.71,19.82,200.03,7.72,False,True,True,1,52,0,0
54.82,40.63,114.92,-1.05,11.18,34.02,-5.43,15.05,247.85,-0.84,False,True,True,0,97,1,0
235.7,55.39,122.03,-4.83,0.79,26.11,-6.35,15.48,114.81,22.72,False,True,True,1,30,0,0
159.7,68.32,199.6,13.27,3.93,-0.28,9.02,18.64,174.61,-0.21,True,True,True,0,76,1,1
64.3,47.59,150.8,-4.35,13.48,3.82,13.06,19.27,327.39,7.88,False,True,True,1,32,0,0
89.41,141.02,227.05,16.78,0.54,34.76,1.36,41.85,293.65,21.5,True,True,True,1,47,1,0
127.79,156.52,232.62,2.41,6.54,27.73,-4.28,12.6,310.69,5.15,False,True,True,0,86,1,0
81.38,81.96,171.07,11.92,1.78,28.23,-5.05,18.14,230.42,8.6,False,True,True,1,77,1,0
172.0,177.98,51.45,1.71,7.04,28.39,11.13,15.38,139.77,15.38,False,True,True,0,53,0,0
233.08,55.8,151.79,-3.04,-5.49,33.54,1.08,41.33,298.6,5.3,False,True,True,0,27,1,0
41.33,28.81,96.0,-1.53,-5.7,-4.96,0.6,16.91,196.19,14.66,False,True,True,0,52,0,0
32.79,151.29,52.3,0.18,0.28,33.85,-0.19,19.1,323.85,14.71,True,False,True,0,35,1,0
186.05,184.8,237.28,9.64,14.55,0.01,1.39,48.61,193.85,0.34,False,True,True,1,59,1,1
169.21,117.07,208.46,11.16,7.18,-2.17,9.64,12.21,146.53,21.43,False,True,True,0,42,0,0
220.73,114.64,34.96,14.01,-3.67,3.24,13.34,10.08,253.79,17.0,False,True,True,1,22,0,0
214.49,160.85,220.6,-2.2,0.52,-0.25,9.2,47.12,271.09,17.67,False,True,False,1,58,1,0
104.53,-7.04,181.27,-0.82,3.06,-1.37,-6.34,48.28,183.72,18.72,False,True,True,0,82,0,1
50.96,73.55,115.13,15.71,7.92,4.68,12.56,40.91,231.09,8.37,False,True,True,1,77,0,0
139.82,101.8,142.87,6.84,4.03,12.86,3.79,37.09,218.7,11.19,False,False,False,1,63,0,1
94.03,42.89,193.28,7.97,11.03,33.29,11.46,48.21,202.53,0.1,False,True,True,1,93,1,0
159.23,40.4,208.24,4.52,-4.35,-3.65,-3.85,18.5,234.93,1.06,False,False,True,1,38,1,0
142.39,108.92,132.16,6.94,5.44,23.21,3.05,27.22,215.02,9.77,True,False,False,0,35,0,1
108.41,199.31,154.22,16.1,2.91,29.17,-3.35,18.72,250.03,13.44,False,True,True,0,87,0,0
162.33,146.34,227.84,8.66,-5.07,31.38,5.73,45.56,141.72,-0.95,False,True,True,0,100,0,0
157.37,164.31,174.89,8.36,-5.83,25.67,-2.14,12.77,117.82,8.32,False,True,True,1,51,1,0
141.18,94.16,137.65,6.45,5.11,18.17,2.64,21.36,211.94,9.75,False,False,False,1,45,0,1
133.16,91.83,149.21,6.54,5.55,12.78,3.06,24.7,210.7,9.22,True,False,False,0,46,0,1
70.26,141.68,82.1,3.68,12.08,31.08,-3.09,46.23,254.83,13.86,False,True,True,0,54,1,0
86.25,145.06,35.91,-3.63,0.63,-2.75,10.11,40.57,298.5,2.67,False,True,True,1,76,1,0
193.27,176.25,110.51,3.69,10.67,33.93,-5.16,18.09,147.9,7.04,False,False,True,1,25,0,0
70.64,157.5,89.96,-0.22,1.37,-3.66,-5.66,11.07,295.85,19.55,False,True,True,1,47,0,0
127.96,185.81,93.99,-0.04,14.43,1.82,-6.89,13.98,132.46,22.27,False,True,True,1,62,0,0
90.33,57.67,199.83,2.69,9.42,34.29,-4.75,10.79,124.06,8.18,False,True,False,1,63,0,0
144.08,99.62,141.01,6.75,4.4,19.78,2.86,35.06,225.97,9.46,True,False,False,0,84,0,1
136.79,109.92,133.05,6.99,5.86,14.8,3.47,29.51,210.47,9.79,True,True,False,1,59,1,1
227.24,188.14,175.94,-1.49,13.89,34.31,1.31,17.85,124.38,15.85,False,True,True,0,27,1,0
238.74,208.4,231.75,14.26,-3.19,28.97,12.85,15.24,328.95,17.28,False,True,True,1,30,1,0
160.28,2.4,194.59,11.61,-1.82,-0.58,12.2,14.91,305.66,20.96,False,True,True,1,90,0,0
200.28,33.32,227.69,4.62,-0.44,-1.44,11.55,41.14,179.65,21.86,False,True,True,0,64,1,0
80.06,81.58,107.65,12.82,10.6,2.17,-0.23,45.06,182.68,15.26,False,True,True,0,62,1,0
218.73,70.93,106.86,4.85,1.5,32.13,-3.43,18.53,275.38,18.36,False,True,True,0,98,1,0
30.64,0.03,107.99,16.94,3.9,29.79,7.39,11.56,272.54,14.04,False,True,True,1,35,0,0
139.49,103.29,136.02,5.32,5.43,5.61,3.67,20.23,210.31,12.19,True,False,False,0,86,0,1
206.2,188.97,95.27,2.96,12.6,-0.63,8.94,18.21,235.02,8.35,False,True,True,1,57,1,0
132.21,98.55,130.4,6.86,5.16,23.99,3.0,22.96,217.05,11.27,True,False,True,0,50,1,1
172.18,114.96,33.63,-2.96,9.09,0.8,8.33,48.05,267.25,22.23,False,True,True,0,30,0,0
56.01,78.16,211.41,2.37,0.2,32.82,12.43,44.34,269.12,3.01,False,True,True,0,75,0,0
75.3,69.94,58.65,1.27,15.65,32.4,9.24,43.37,163.05,16.47,False,True,True,0,30,0,0
177.23,35.6,239.38,14.53,10.89,34.65,4.24,42.31,209.77,3.94,False,True,True,0,45,1,0
142.72,90.22,146.72,5.88,5.96,16.3,2.82,31.21,223.09,9.17,True,False,False,1,96,0,1
180.01,8.21,117.38,-3.01,1.75,-4.23,-1.67,11.49,200.26,-0.68,False,True,True,0,20,0,0
230.75,145.54,45.38,-0.59,8.39,27.9,4.01,11.3,122.9,21.83,False,True,True,0,98,1,0
155.6,138.17,234.09,-1.29,11.07,1.4,-6.55,13.46,264.2,4.96,False,False,True,1,96,0,0
184.91,64.57,115.92,7.15,-4.45,-3.12,11.45,43.34,276.82,14.48,False,False,True,0,57,0,0
45.49,191.96,52.21,12.94,-5.81,33.16,0.86,43.26,262.55,22.92,False,True,True,0,87,1,0
36.51,22.88,128.06,-2.31,14.11,-1.97,4.86,10.03,177.8,16.79,False,False,False,0,79,1,0
77.51,175.2,104.19,12.5,6.59,-1.29,13.7,10.33,128.71,19.0,False,True,True,1,76,0,0
221.51,19.88,42.35,15.54,6.05,30.6,1.2,16.46,317.06,19.49,True,True,False,0,100,0,0
122.68,84.36,219.49,-3.64,-0.18,26.08,-0.13,12.54,268.39,14.77,False,True,True,0,76,0,0
149.52,96.53,148.58,5.51,4.47,14.8,2.17,27.99,227.95,9.08,True,False,False,0,58,1,1
86.92,25.01,89.79,14.37,-5.11,-2.07,-6.7,49.56,203.31,2.35,False,True,True,1,73,1,0
114.33,32.46,99.09,14.43,10.86,-1.03,1.87,17.38,205.93,19.46,True,True,True,1,72,1,0
64.65,53.23,222.31,-4.39,8.38,2.02,-5.3,46.53,278.26,6.38,True,True,True,1,99,1,0
148.94,104.59,140.31,6.0,5.09,13.04,2.22,37.53,221.47,9.52,True,False,False,0,67,1,1
104.53,51.31,86.74,16.13,10.51,-1.84,4.86,40.19,238.61,4.51,False,True,True,0,76,1,0
154.13,177.42,97.61,10.69,15.13,28.61,6.89,49.03,322.11,14.35,False,True,True,1,85,1,0
224.63,-4.04,125.41,8.89,8.69,-0.72,9.32,17.85,320.42,2.18,False,True,True,0,72,0,0
237.08,205.16,98.16,-2.93,12.36,27.09,0.62,41.94,173.41,13.34,False,True,True,1,76,1,0
211.75,85.86,122.23,-2.16,14.48,2.02,5.24,12.43,153.74,2.29,False,True,True,1,81,0,0
59.36,12.34,150.26,14.88,-2.87,-4.5,8.5,18.74,125.73,1.49,False,True,False,1,40,1,0
138.32,104.36,135.88,6.28,5.24,8.36,3.99,39.83,225.74,10.53,True,False,False,0,94,0,1
134.91,99.59,140.64,6.31,5.97,7.18,3.28,32.99,219.33,12.49,True,False,False,1,35,1,1
239.51,187.0,195.01,-2.6,11.59,4.91,4.17,46.74,166.1,17.54,False,True,True,1,23,1,0
147.76,98.95,137.89,5.92,5.92,7.82,2.34,21.09,210.87,9.3,True,True,True,0,71,0,1
228.34,28.52,60.88,1.09,2.62,31.22,12.22,48.04,147.33,13.93,False,True,True,0,38,0,0
134.61,91.56,139.33,6.1,5.68,10.27,2.92,39.33,212.87,12.96,True,False,False,0,39,1,1
84.78,186.47,124.7,11.87,13.18,-4.9,-5.25,47.42,194.5,19.29,False,True,True,1,81,0,0
147.82,103.07,133.23,5.47,5.32,21.1,3.5,32.63,223.04,11.76,True,False,False,0,37,1,1
235.03,145.51,71.58,14.94,1.69,-3.24,-2.92,46.27,284.86,8.45,False,False,True,1,59,1,0
240.84,30.95,169.55,10.98,2.14,-4.06,-1.95,45.65,244.39,6.06,False,True,True,0,18,0,0
162.17,64.0,82.29,-1.9,-1.81,-3.96,11.62,42.25,317.28,21.97,True,False,True,0,91,1,0
147.97,92.33,141.29,5.92,4.08,23.26,3.33,25.22,226.77,12.93,True,False,False,0,32,1,0
104.74,38.07,117.44,7.3,10.02,1.92,-0.33,48.03,177.97,2.77,False,True,True,1,31,0,0
139.45,103.16,141.9,5.27,4.95,15.42,3.51,39.82,216.64,12.33,True,False,False,0,65,0,1
152.1,157.35,59.3,2.77,9.92,-3.66,-2.24,45.33,314.17,17.75,False,True,True,1,41,1,0
133.86,109.46,134.94,6.03,5.56,16.13,3.34,20.81,217.69,10.37,True,False,False,0,85,0,1
78.33,194.3,120.46,16.45,-3.42,-1.54,-4.31,15.02,269.17,16.91,False,True,True,1,54,0,0
205.22,181.53,212.91,4.69,13.42,-2.13,-5.91,40.79,277.85,20.84,False,True,True,0,23,0,0
94.23,198.87,33.95,16.15,7.36,4.87,4.77,42.56,294.33,-0.24,False,True,True,0,55,0,0
164.29,121.42,229.65,-0.97,12.7,3.75,5.38,16.23,306.01,20.07,False,True,True,1,79,1,0
194.16,17.41,49.27,-3.39,8.81,-1.92,-7.93,15.65,200.11,4.17,True,True,True,1,40,0,0
142.74,97.16,135.59,6.28,5.17,19.31,3.54,21.13,218.01,9.74,True,False,False,0,32,1,1
47.87,-1.2,243.68,7.76,-1.75,1.53,-6.85,40.49,122.37,18.31,False,True,True,1,96,0,0
147.93,99.86,149.81,5.33,4.25,14.42,2.05,21.35,225.71,12.88,True,True,False,1,82,1,1
194.29,87.01,172.89,-3.49,2.67,1.74,11.21,14.82,115.44,8.74,False,True,True,1,21,0,0
85.07,147.67,152.72,-4.56,7.31,34.41,-2.41,45.43,140.82,15.81,False,True,True,0,89,1,0
154.57,46.74,30.41,12.78,15.12,29.83,11.88,41.05,188.98,3.74,False,True,True,0,91,0,0
141.95,90.82,143.73,5.87,5.99,7.57,2.41,24.61,214.53,11.32,True,False,False,1,68,1,1
177.35,32.0,209.0,16.88,7.78,-1.3,5.28,44.16,235.83,6.24,False,True,True,0,23,0,0
135.89,108.3,146.5,6.19,4.48,22.71,2.33,36.49,224.45,11.76,True,False,False,0,39,1,1
38.24,5.81,51.96,10.52,12.36,32.86,-4.89,49.13,316.54,2.35,False,True,False,0,27,1,0
163.32,122.92,40.0,16.43,-3.27,-2.71,-0.23,16.68,138.62,19.3,False,True,False,0,60,1,0
95.83,140.13,244.67,14.26,13.88,26.98,13.92,15.45,181.19,18.72,False,True,True,0,49,0,0
88.09,41.22,180.55,3.82,14.55,27.89,-4.1,15.62,261.24,4.8,False,True,True,1,21,0,0
136.01,101.88,137.21,5.72,4.06,9.42,3.49,24.66,227.7,12.02,True,False,False,1,37,0,0
177.17,188.93,171.08,0.71,-3.52,-3.57,12.92,18.97,150.5,15.88,False,True,True,0,30,0,0
70.74,58.38,81.88,0.22,-4.4,-4.43,-5.36,44.04,285.08,15.71,False,True,True,1,55,1,0
140.87,104.61,141.34,6.66,5.04,7.76,2.26,28.75,228.6,11.94,True,False,False,0,82,1,1
134.62,91.84,149.37,6.89,4.33,20.06,3.54,24.93,229.37,11.82,True,False,False,0,31,1,1
217.81,38.21,104.46,13.91,15.7,29.14,-2.99,12.51,276.22,18.32,False,False,True,1,99,1,0
37.15,82.2,100.33,4.33,3.59,27.96,13.8,42.02,314.92,1.2,False,True,True,0,38,0,0
46.35,112.86,44.27,-2.14,8.27,3.48,7.62,42.49,117.23,7.09,False,False,True,1,33,1,0
80.38,23.95,190.88,10.87,1.83,28.63,12.35,49.7,318.03,20.44,False,True,True,0,61,0,0
138.63,100.29,148.0,5.27,4.19,23.19,3.03,27.62,217.03,9.11,True,False,False,0,91,0,1
144.61,103.76,141.61,6.51,5.53,6.0,2.34,22.82,225.61,12.39,True,False,False,1,69,0,1
222.37,19.5,84.7,-1.26,8.55,-1.32,7.08,16.14,248.62,17.32,False,True,True,0,91,1,0
73.89,26.3,79.42,9.01,15.22,30.31,-6.58,48.94,129.62,13.61,False,True,True,0,84,0,1
71.57,189.64,47.56,4.79,1.85,-1.1,-1.75,46.29,234.2,14.18,False,False,False,1,31,1,0
114.79,207.26,125.52,-1.29,-3.01,26.6,11.31,18.98,155.68,4.5,False,True,True,1,31,0,0
111.42,78.29,43.4,4.9,1.03,34.77,0.38,43.45,275.86,6.16,False,True,False,1,89,0,1
137.05,102.93,142.97,6.11,5.51,6.52,3.34,28.36,210.95,9.53,True,False,False,0,60,1,1
243.02,156.76,174.46,8.28,3.67,-2.1,9.87,17.02,149.7,19.64,False,True,True,1,87,1,0
219.77,23.39,242.24,12.48,6.12,2.55,11.6,48.8,161.81,-0.19,False,True,True,0,29,0,0
139.23,107.11,142.67,5.12,4.75,18.95,3.65,32.21,218.67,12.36,True,False,False,0,62,0,1
141.51,90.13,145.36,5.13,5.36,19.77,2.01,28.08,229.72,11.78,False,False,False,1,18,1,1
131.38,109.41,149.37,5.54,5.38,15.81,2.66,25.23,225.61,11.93,True,True,False,0,30,0,1
158.09,-7.73,128.44,10.41,8.99,33.7,5.85,47.62,125.15,13.32,True,True,True,1,24,1,1
169.32,21.3,216.44,0.36,8.96,26.92,-2.82,49.93,328.27,18.7,False,False,False,0,53,1,0
62.22,115.75,245.23,12.67,-2.93,-0.58,-7.25,49.54,256.54,-0.65,False,True,True,0,77,1,0
51.62,31.79,164.93,16.63,7.53,30.61,8.12,42.35,143.03,6.8,False,True,False,0,29,0,0
115.14,85.45,67.29,13.98,7.37,31.72,-1.06,47.31,196.29,14.94,False,True,True,0,90,1,0
149.3,106.8,141.48,5.9,4.76,18.33,2.6,28.36,221.06,11.08,True,True,False,0,55,1,1
120.37,200.18,43.69,3.52,3.3,32.51,-1.74,44.11,150.06,14.6,False,True,False,0,56,0,0
182.79,55.78,69.32,8.88,14.71,32.4,-4.08,10.88,145.3,22.05,False,True,True,0,31,0,1
48.01,128.83,197.41,10.19,-1.1,32.45,10.04,10.04,240.33,16.8,False,True,False,1,55,1,0
174.07,187.91,234.23,-1.02,-4.54,34.55,0.3,13.73,297.61,7.01,False,True,True,1,25,1,0
64.13,73.94,187.95,-4.36,-3.94,-2.29,-2.17,11.39,231.28,22.17,False,True,True,1,35,0,0
45.51,195.9,35.65,2.79,14.99,32.35,-0.78,11.47,242.59,5.57,False,True,True,0,38,1,0
234.39,84.3,169.66,2.66,15.91,29.65,-4.92,10.7,167.52,7.39,False,True,True,1,65,1,0
147.28,102.83,149.43,6.42,5.57,23.51,3.02,36.72,212.15,12.44,False,True,False,1,57,0,1
185.35,162.2,173.2,16.68,9.75,3.04,7.51,40.5,145.36,1.82,False,True,True,1,100,0,0
127.57,131.76,101.26,-3.46,9.1,4.57,8.12,42.57,236.78,4.35,False,True,True,0,49,1,0
209.55,114.1,97.38,7.38,15.07,29.14,-3.66,41.55,185.87,4.75,False,True,True,1,72,0,0
132.42,102.53,138.32,5.11,5.82,20.19,2.89,33.75,223.49,9.98,False,False,False,1,52,0,1
240.8,55.06,66.67,14.13,3.57,31.49,11.63,40.83,158.99,3.59,False,True,True,0,90,1,0
151.73,32.96,58.27,9.82,12.5,29.78,10.66,12.46,176.73,3.83,False,True,True,1,67,1,0
36.01,32.08,151.6,3.71,14.76,33.32,-7.93,13.61,149.23,14.78,False,True,True,1,54,1,0
47.59,185.96,103.49,-4.37,12.9,25.67,-0.05,18.21,259.66,13.44,False,False,True,0,78,0,0
106.64,209.03,177.17,7.75,-2.96,-3.84,-6.7,49.16,117.75,20.13,True,True,True,0,40,0,0
202.86,201.75,61.1,9.92,-2.13,-0.13,12.61,16.25,120.36,3.49,False,True,True,1,92,0,1
197.67,30.06,92.32,-4.45,-0.11,3.53,1.9,49.9,178.79,5.6,False,True,True,0,99,0,0
100.2,184.9,153.42,11.65,13.91,0.02,6.99,17.44,267.68,20.27,False,False,True,0,60,0,0
171.59,-2.33,64.2,2.19,15.94,4.98,-2.52,43.14,274.5,22.17,False,True,True,1,57,0,0
98.56,172.77,230.54,2.25,14.98,29.94,10.86,41.15,159.92,6.56,True,True,False,1,71,1,0
148.82,95.72,134.12,6.83,4.54,17.77,2.49,27.39,223.68,12.49,True,False,False,0,69,0,1
167.72,5.01,124.13,10.45,-4.6,0.77,-5.67,11.38,123.13,18.78,False,True,True,0,100,0,0
175.72,41.37,68.93,16.8,2.08,26.99,5.24,44.05,263.68,20.27,False,True,True,0,77,1,0
65.86,132.22,175.87,8.7,-2.11,-1.76,-7.63,13.71,199.23,21.26,False,True,True,0,52,0,0
133.42,92.04,141.58,6.59,4.21,19.52,3.62,33.83,217.49,12.33,True,False,True,0,22,1,1
133.48,107.98,148.27,7.0,4.92,15.39,2.28,34.4,213.67,11.47,False,False,False,0,54,1,1
97.06,66.69,210.68,9.76,11.65,-1.87,8.47,12.34,118.97,14.94,True,True,True,0,38,0,0
184.93,5.85,68.72,0.55,7.38,26.72,-7.47,18.23,128.4,0.71,False,True,True,0,82,0,0
132.49,104.95,148.85,5.72,5.4,18.32,3.94,23.43,228.39,10.07,True,False,False,0,100,1,1
85.86,141.62,248.53,7.49,6.3,-2.78,7.75,18.53,125.09,8.22,False,True,True,0,44,0,1
174.96,59.91,206.54,0.56,9.04,-0.08,-1.12,42.89,313.25,14.05,False,True,True,0,85,0,1
229.97,40.71,186.95,2.11,-4.46,31.11,12.39,41.79,185.35,16.01,False,True,True,0,95,1,0
148.83,98.96,145.2,5.71,5.28,24.36,3.9,37.11,226.71,9.42,True,False,False,0,67,1,0
108.37,18.27,101.3,7.56,7.64,-0.58,11.55,49.11,307.83,17.92,False,True,True,0,37,0,0
66.55,189.12,221.45,3.47,8.65,32.9,-3.46,42.19,231.02,5.06,False,True,False,0,43,0,0
72.4,176.53,221.77,11.56,11.84,30.26,5.58,43.4,189.85,16.5,False,True,True,1,58,0,0
75.72,80.29,188.49,10.25,12.5,3.64,-2.93,10.06,244.43,18.35,False,True,True,0,82,1,0
39.09,134.08,249.05,11.68,3.92,31.8,-2.79,47.26,147.7,4.73,False,True,True,1,88,0,0
113.1,195.84,202.43,-2.22,15.33,0.08,-4.04,47.39,122.21,15.54,False,True,False,1,36,0,0
215.47,156.71,106.4,1.94,-3.29,-3.5,4.1,41.11,129.88,7.92,False,False,False,0,85,1,0
107.16,150.25,72.56,7.44,12.62,29.21,0.42,12.79,263.19,1.68,False,True,True,0,82,1,0
169.0,140.87,204.33,-0.57,1.5,-2.51,0.57,45.83,126.63,17.52,False,True,True,1,42,0,1
143.22,97.05,144.96,5.38,4.72,13.95,2.82,32.38,216.16,9.04,True,False,False,1,82,0,1
139.73,90.93,136.66,6.89,4.26,18.01,3.7,35.29,212.91,10.5,True,False,True,0,64,0,1
135.05,91.78,130.3,6.24,5.72,23.52,3.82,21.93,210.64,12.88,True,False,False,0,94,0,1
156.19,56.09,95.71,2.77,3.76,33.39,-6.86,14.09,244.92,15.18,True,True,True,0,58,0,0
227.64,51.34,42.68,-3.67,8.5,27.05,-3.64,16.19,257.66,8.3,False,False,True,0,18,0,0
144.55,94.4,147.57,5.11,4.06,12.08,3.21,34.41,213.66,12.05,True,True,False,1,76,1,1
214.76,189.15,247.88,13.31,10.41,-3.93,9.84,13.99,317.44,16.55,False,True,True,1,72,0,0
196.3,146.23,176.34,13.43,-3.61,-0.94,11.74,48.45,181.31,19.55,False,True,True,0,85,1,0
91.95,110.87,120.21,-1.04,0.89,33.75,-5.13,49.54,122.46,22.33,False,True,True,0,29,1,0
65.46,153.38,168.16,15.88,1.39,-3.68,-0.53,48.57,133.16,8.68,False,True,True,0,28,1,0
186.22,62.04,183.94,2.78,15.4,28.33,13.46,47.22,311.57,15.55,False,True,True,0,78,1,0
43.94,70.11,228.64,16.93,9.59,31.03,1.37,10.76,304.99,17.4,False,True,False,1,18,1,0
219.23,203.51,192.31,14.45,15.19,27.44,-0.56,46.1,295.39,19.5,False,True,False,1,88,1,0
139.75,106.79,138.99,6.03,5.49,20.51,3.25,36.31,221.35,12.38,True,False,False,0,41,0,1
36.88,199.86,97.58,-4.91,15.72,26.16,-5.0,19.38,268.96,7.4,False,True,True,0,29,0,1
191.29,124.61,89.09,1.95,-2.03,33.53,0.06,17.8,266.72,7.13,False,True,True,1,51,1,0
146.65,108.79,136.67,5.77,4.27,9.12,3.44,21.82,222.47,12.54,True,False,False,1,93,0,1
164.69,47.33,41.87,14.84,0.55,32.16,-7.32,49.8,115.98,21.73,False,True,True,1,99,1,0
131.59,106.17,134.88,6.41,5.28,8.96,3.74,33.93,212.47,11.67,True,False,False,1,56,0,1
207.78,14.08,90.03,12.63,10.06,30.89,9.86,18.27,313.33,-0.07,False,True,True,1,78,1,0
56.13,151.28,150.95,-0.37,7.35,28.55,-6.09,49.81,112.07,5.77,False,True,True,1,52,1,0
72.15,21.47,210.62,13.18,-2.14,28.09,-1.33,46.8,196.52,7.72,False,True,True,1,86,1,0
128.09,11.5,247.33,-3.53,-2.71,32.97,-3.55,43.88,245.53,21.99,False,True,True,1,77,0,0
45.78,152.52,249.94,10.84,6.21,-3.3,13.04,16.34,178.34,15.11,False,True,True,1,73,0,0
201.52,-5.92,77.63,-2.76,0.92,-1.65,-6.23,49.08,273.23,15.96,False,True,True,1,79,1,0
171.91,116.65,101.84,10.86,-0.46,-1.28,9.99,12.28,281.7,22.57,False,True,False,1,83,0,0
147.46,96.29,132.57,6.97,4.58,7.92,2.89,20.75,216.97,11.19,True,False,False,0,94,1,1
234.54,118.73,167.67,4.73,3.62,27.27,-0.07,40.83,154.12,15.43,False,True,True,0,32,0,0
53.03,32.04,196.23,11.8,10.71,1.56,-6.74,47.66,314.87,0.68,False,True,True,1,97,0,0
154.9,186.77,47.72,3.78,15.12,26.1,4.22,17.4,233.0,13.12,False,True,True,1,91,0,0
138.37,101.23,138.5,6.55,4.38,12.84,2.72,20.53,221.58,9.94,True,False,False,1,78,0,1
209.2,118.18,124.32,7.51,10.73,31.7,-6.9,41.74,192.86,4.65,True,True,True,0,19,1,1
146.47,95.84,135.05,6.8,5.6,10.19,2.25,32.68,225.1,9.73,True,False,False,1,21,0,1
55.04,153.33,186.29,-4.22,8.08,25.63,1.87,19.62,308.05,3.92,False,False,True,0,22,1,1
210.26,67.02,85.8,4.75,0.3,2.85,4.16,45.32,268.54,18.05,False,True,True,0,68,1,0
192.16,165.74,84.43,4.9,10.97,-1.98,4.95,48.06,273.6,-0.1,False,True,True,0,26,0,0
33.25,123.51,167.1,0.81,15.38,30.15,5.54,15.23,137.93,3.2,False,True,True,1,71,1,0
43.97,197.8,38.0,16.06,10.38,4.32,9.13,47.67,136.33,22.41,True,False,True,0,80,1,0
89.73,-7.83,209.3,-2.03,-4.74,31.19,7.24,48.68,317.03,4.05,False,False,True,1,96,1,0
99.6,123.26,103.43,14.72,-5.81,0.35,13.77,11.57,251.32,21.83,False,True,True,0,89,1,0
137.92,102.09,133.93,6.55,4.82,19.0,2.46,36.58,212.94,12.13,True,False,True,1,32,1,1
142.03,94.69,144.83,6.13,4.37,6.78,2.99,35.59,221.78,12.19,True,False,False,1,71,1,1
79.81,42.78,100.78,11.39,14.36,3.83,0.07,16.91,119.62,18.29,False,True,True,0,44,0,0
204.91,1.19,110.91,8.29,12.23,2.49,13.58,16.73,116.35,1.96,False,True,True,1,89,1,0
132.64,95.89,133.3,5.26,4.03,13.08,3.2,31.8,224.1,10.69,True,False,False,0,78,1,1
244.69,123.28,159.21,11.97,14.51,3.94,6.8,17.74,249.42,7.93,False,True,True,0,59,0,0
158.98,152.36,152.65,-1.99,2.6,-0.97,11.48,11.07,283.45,19.05,False,True,True,0,67,0,0
137.5,91.04,133.18,6.96,5.47,9.57,2.66,24.52,223.97,11.09,False,False,False,0,37,0,0
194.7,186.77,199.72,7.52,-5.75,-3.02,-3.32,19.43,137.58,8.03,False,True,True,0,68,0,0
146.3,100.49,145.07,5.79,5.42,9.38,2.57,30.41,225.12,11.79,True,False,False,0,34,1,1
104.72,69.92,122.37,8.61,-2.72,34.76,8.0,42.54,285.65,14.81,False,True,True,0,42,1,0
106.49,131.24,183.41,-4.43,-0.78,-1.59,6.1,16.17,264.45,19.37,False,True,True,1,49,0,0
121.62,200.22,62.16,-0.48,-0.74,27.45,4.84,45.73,199.2,15.4,False,True,False,0,44,0,0
119.72,84.44,196.67,4.9,12.22,3.24,-7.56,42.28,303.65,20.29,False,True,False,0,31,1,0
109.54,15.46,169.17,8.66,-0.37,27.14,0.15,13.7,294.59,22.0,False,True,True,1,36,0,0
131.12,93.32,130.45,6.41,5.65,22.21,2.91,29.47,220.22,12.63,True,False,False,0,29,1,1
54.03,192.83,196.23,9.28,-4.83,28.19,-0.42,47.81,245.98,18.53,True,False,True,1,41,0,0
135.01,94.66,139.34,6.83,4.38,24.84,2.7,33.94,210.49,10.8,True,False,False,0,100,1,1
47.34,66.86,204.53,16.18,-5.82,27.41,10.51,41.29,293.27,8.56,False,True,True,1,88,0,0
45.55,41.61,44.05,-4.75,-2.4,3.33,-7.64,17.36,173.3,8.52,True,True,True,0,64,0,0
171.35,84.85,100.17,-1.67,9.44,1.47,11.47,48.79,256.4,17.77,False,True,True,0,62,0,0
185.52,147.0,150.18,-4.54,1.54,4.81,6.22,40.85,281.59,21.68,False,True,True,0,87,1,0
130.65,95.03,131.46,6.03,5.14,24.71,2.54,29.69,222.79,10.53,True,False,False,1,22,0,1
149.93,104.91,134.58,6.7,5.66,12.46,3.72,24.88,213.7,11.02,True,False,False,1,51,1,1
179.19,81.47,58.6,8.44,7.06,2.58,-5.16,43.36,271.36,20.49,False,True,True,0,60,0,0
225.76,25.99,99.15,15.64,15.39,32.56,-6.22,42.28,318.46,20.66,False,False,True,0,45,0,0
138.63,91.57,131.79,5.0,5.58,19.9,3.02,37.13,210.49,9.41,True,False,False,1,85,0,1
129.31,58.66,120.66,0.92,11.69,0.41,8.08,47.16,123.85,3.79,False,True,True,0,72,1,0
104.88,-3.7,110.08,8.31,13.14,26.36,-7.96,45.45,141.31,22.61,False,True,True,0,35,0,0
196.65,141.19,104.09,-3.61,12.11,4.89,5.8,42.25,243.64,2.72,False,True,True,0,80,1,0
121.98,-1.66,226.34,2.81,-3.21,29.99,8.77,16.38,180.43,21.59,True,True,True,0,74,0,0
132.69,109.56,134.42,5.13,4.76,9.13,2.85,24.81,219.86,9.52,False,True,False,0,62,0,1
88.11,5.35,39.69,-0.12,14.12,2.07,1.97,18.23,190.93,18.41,False,True,True,0,47,1,0
46.6,60.37,238.32,4.1,10.59,2.75,-1.9,47.0,248.26,16.96,False,True,True,1,63,1,0
132.31,105.87,149.22,5.08,5.93,15.01,2.93,30.55,225.43,12.24,True,False,False,1,40,1,1
212.35,163.13,248.03,2.33,14.54,2.37,12.63,44.82,233.19,16.7,True,True,True,0,66,0,0
70.44,33.07,128.76,4.38,-1.59,-4.37,-0.07,11.74,166.83,0.21,False,True,True,0,58,1,0
139.74,103.35,131.05,5.45,4.74,6.84,2.92,33.59,210.76,12.68,True,False,False,0,88,1,1
70.55,6.5,87.28,-0.87,13.93,-1.2,-1.4,43.74,311.37,-0.64,False,True,True,1,79,0,0
185.44,17.47,41.1,12.74,-0.31,27.7,-0.86,44.34,120.29,4.23,False,True,True,0,50,1,0
232.38,5.32,179.82,16.34,-4.28,29.07,-1.77,18.88,207.16,6.03,True,True,True,1,77,0,0
89.57,23.2,206.22,13.19,2.6,29.17,-6.21,15.6,247.19,1.96,False,True,True,0,75,0,0
147.75,96.12,130.87,5.44,4.8,8.17,3.36,39.05,217.52,10.69,True,False,False,0,29,1,1
128.78,128.15,163.46,-3.07,15.78,30.03,0.91,13.04,283.59,19.26,True,True,True,0,60,1,0
32.86,65.07,35.29,9.37,-0.8,34.69,-4.87,15.42,329.09,1.46,False,True,True,1,50,0,0
145.2,109.17,148.27,5.9,4.34,7.08,3.59,32.77,214.88,9.4,True,False,False,1,63,1,1
110.29,72.64,52.5,-3.8,11.98,28.94,-3.79,42.86,313.45,3.56,False,True,True,0,74,1,0
123.3,147.83,67.71,14.0,1.45,26.49,-0.7,40.01,185.96,8.39,False,True,True,1,81,0,1
153.85,26.93,119.15,1.48,-0.13,2.75,10.07,45.26,268.06,19.28,False,True,True,0,43,1,1
89.66,72.43,160.25,13.16,-3.25,33.45,-6.04,48.14,257.76,8.48,False,True,True,0,72,1,0
130.55,96.68,149.88,5.68,5.13,17.55,2.4,38.07,221.97,12.45,True,False,False,1,38,0,1
175.94,146.44,239.96,-3.41,6.01,27.21,-3.2,43.02,308.87,-0.74,False,True,True,0,37,0,0
173.77,-7.84,160.15,9.15,2.22,31.51,-3.33,16.48,137.26,4.06,False,False,True,0,82,1,1
186.45,19.57,85.18,15.31,3.85,34.34,-5.55,43.73,276.65,15.86,False,True,True,0,98,0,0
48.18,82.01,105.31,-2.7,14.42,34.22,-7.41,49.18,150.67,3.23,False,True,True,0,84,0,0
147.56,100.3,138.06,6.71,4.78,16.71,3.84,32.97,222.27,10.49,True,False,False,1,39,1,1
146.59,98.95,149.15,6.24,4.86,23.5,3.18,21.98,214.02,9.81,True,False,False,1,78,0,1
150.87,47.37,55.69,16.84,3.7,-4.07,5.46,19.78,137.71,21.89,False,True,True,0,33,0,0
119.59,156.39,58.78,-0.14,8.82,-1.1,6.56,17.44,232.62,16.23,False,True,True,1,25,1,0
248.6,60.04,240.02,15.37,-4.71,2.34,-5.03,46.03,232.68,19.61,False,True,True,0,79,1,1
204.3,145.38,90.25,11.52,-2.58,1.88,-3.06,43.84,172.09,3.75,False,True,True,0,40,1,0
141.53,95.54,138.69,6.99,4.1,5.61,3.45,35.26,213.61,10.41,True,False,False,0,40,1,1
201.66,113.87,62.7,16.66,-3.54,28.92,4.08,46.44,157.95,3.79,True,True,True,1,31,0,1
214.49,141.32,221.55,12.73,14.02,-1.57,13.42,44.66,297.42,-0.23,False,True,True,1,77,0,0
38.3,143.98,238.8,11.79,8.2,30.15,4.63,41.17,246.29,1.46,False,True,True,0,57,0,0
89.93,2.42,221.51,3.99,6.47,-0.74,-6.45,15.84,248.78,5.24,False,True,True,1,49,0,0
185.96,161.26,209.01,9.23,-3.23,26.01,5.95,11.07,321.72,1.13,False,True,True,1,79,0,0
238.97,50.54,42.72,2.55,2.85,-3.77,-4.41,18.43,323.87,18.22,False,True,False,1,52,1,0
103.68,56.4,233.18,10.11,14.71,32.52,13.56,18.86,297.25,16.19,False,True,True,0,69,1,0
112.61,127.33,159.15,14.08,2.04,27.61,-4.86,16.71,171.6,7.06,False,True,True,0,48,0,0
51.52,42.44,93.21,14.23,12.88,-0.3,4.1,18.83,193.94,18.2,False,True,True,1,87,0,1
208.25,143.0,117.91,-2.4,0.44,0.02,-0.39,47.61,245.24,13.88,False,True,True,1,66,1,0
231.44,138.34,123.07,2.42,2.17,-2.25,4.55,40.99,114.73,20.65,True,True,True,1,76,1,0
232.76,13.71,152.19,15.08,14.57,-1.61,9.13,43.86,113.68,19.07,True,True,False,1,29,0,0
142.91,101.53,147.41,5.17,5.61,10.03,3.88,37.13,213.74,10.97,True,False,False,1,91,0,1
126.71,62.81,178.6,0.36,8.36,32.76,10.09,18.6,180.39,13.41,False,True,True,1,51,1,0
174.42,71.02,33.15,1.96,-1.81,1.8,9.26,10.15,234.48,18.78,False,True,True,1,77,0,0
84.94,74.35,209.43,7.38,15.34,31.75,-7.62,15.89,174.21,0.55,False,True,True,1,19,1,0
195.2,155.19,205.54,8.22,-0.45,26.63,1.31,47.88,167.21,13.65,False,False,True,1,70,0,0
131.32,99.78,142.22,6.24,4.84,23.49,3.67,32.4,228.84,11.86,True,False,False,1,92,0,1
81.96,177.38,59.26,2.35,6.7,26.66,-5.82,43.92,251.53,22.2,False,True,True,1,80,0,1
237.26,11.4,211.17,1.04,7.38,-3.39,12.53,45.39,297.72,4.35,False,True,True,1,31,0,0
182.09,31.03,194.18,-3.42,-5.66,28.12,-2.06,14.93,120.65,4.11,False,False,True,0,73,1,0
64.61,52.02,196.49,-4.1,6.29,-1.09,-2.08,43.57,178.18,18.86,False,True,True,1,45,0,0
32.29,124.04,38.85,4.62,-1.95,26.14,6.55,40.75,188.99,-0.13,False,True,True,0,48,1,0
84.27,123.64,98.22,13.86,-3.71,-1.46,7.31,42.8,263.47,6.35,False,True,False,1,33,1,0
72.46,178.79,98.42,-0.54,12.45,26.83,11.04,17.95,152.25,7.01,False,False,False,1,65,1,0
138.92,100.74,130.16,6.16,5.05,10.23,3.86,30.01,213.61,11.67,True,False,False,0,41,0,1
153.54,169.27,200.04,7.47,2.03,-0.24,-1.43,12.62,139.73,16.58,False,True,True,1,89,0,0
200.93,28.99,57.89,-0.14,9.92,-2.3,-5.62,47.98,314.5,6.6,False,True,True,1,39,0,0
184.17,52.87,207.21,0.78,-4.27,2.87,5.43,47.96,151.45,13.45,False,True,True,1,78,0,0
115.1,148.43,150.73,2.78,15.69,4.7,-0.57,44.77,139.12,8.86,False,True,False,1,40,1,0
137.06,96.94,149.15,5.59,4.33,16.83,3.71,22.76,219.5,12.05,True,False,False,1,25,1,0
165.04,110.67,245.71,16.38,2.73,-4.03,9.45,48.92,265.37,17.32,False,True,True,0,65,1,0
234.89,182.7,177.17,2.71,0.66,34.93,7.87,17.29,269.65,13.38,False,True,True,1,30,0,1
177.69,0.42,36.97,2.5,0.56,26.28,11.13,43.27,110.4,4.43,False,True,True,1,30,1,0
104.76,18.92,159.52,1.98,8.49,27.26,7.49,41.16,118.15,7.05,False,True,True,1,70,1,0
149.92,105.51,146.26,6.07,5.18,9.93,3.2,36.09,228.33,12.82,True,True,False,0,88,1,1
82.47,121.39,165.04,2.13,-1.9,27.68,-7.93,10.96,260.63,4.8,False,True,True,1,65,1,0
75.48,122.97,41.36,16.62,8.31,2.57,11.87,16.71,254.51,7.84,False,True,False,1,33,0,1
49.05,207.85,48.32,14.4,3.69,4.46,10.62,13.68,243.45,13.01,False,True,True,0,54,0,0
169.14,161.31,63.88,10.92,6.42,-1.18,8.04,43.73,239.76,7.76,False,True,True,1,75,0,0
182.48,138.54,194.97,13.38,12.03,25.61,6.68,48.07,197.79,2.55,False,True,True,1,47,1,0
63.13,67.49,159.69,7.97,7.25,30.35,-6.83,41.08,178.43,4.95,False,True,True,0,95,0,0
144.66,103.75,145.18,6.12,4.86,18.74,2.63,31.44,210.51,12.33,True,False,True,1,84,0,1
149.9,102.58,146.16,6.71,5.65,16.26,3.8,26.53,220.56,12.26,True,False,False,1,81,0,1
165.09,181.0,40.14,1.83,-2.76,26.63,7.2,17.73,297.2,0.63,False,True,False,1,62,1,0
142.76,107.06,140.85,6.8,4.37,11.25,2.26,23.65,220.27,12.05,True,False,False,1,42,1,1
211.54,116.48,96.32,12.06,3.21,32.01,-5.39,13.87,285.3,15.14,False,True,True,0,64,0,0
32.99,125.51,158.62,1.8,-1.48,33.89,12.5,15.88,143.89,19.55,False,True,True,1,25,1,0
239.74,42.22,156.76,13.61,10.83,27.2,-1.56,16.58,111.33,19.33,False,True,True,1,55,0,0
173.27,209.21,75.57,14.97,-3.42,-1.94,9.14,43.19,167.88,18.73,False,True,True,0,24,0,0
88.63,51.71,203.65,-3.61,0.81,32.84,-0.47,16.43,264.01,17.51,False,True,True,0,61,0,0
67.11,36.52,62.92,11.86,6.51,28.8,-6.62,19.34,300.0,8.59,False,True,True,1,46,1,0
33.29,84.85,191.49,-4.08,9.59,32.3,-5.17,18.49,239.55,4.18,False,True,False,1,33,0,0
148.79,102.91,144.47,5.69,4.95,22.91,2.32,26.51,227.98,10.31,True,False,False,1,18,1,1
141.73,103.15,148.2,6.74,5.21,10.5,2.47,23.59,225.34,11.97,True,True,False,1,41,1,1
85.54,39.64,153.5,8.81,9.34,28.02,11.52,11.15,288.75,7.86,False,True,True,0,39,0,0
136.28,107.36,148.27,5.92,4.5,18.92,2.31,24.58,224.91,11.7,True,False,False,1,19,0,1
33.28,-3.96,205.88,11.02,-5.61,34.15,10.69,49.68,161.21,20.34,False,False,True,1,55,0,0
119.84,64.62,226.26,-0.75,14.57,32.49,4.47,45.33,304.89,2.26,True,True,False,0,79,0,0
110.31,180.35,212.99,-0.53,-5.02,29.15,-5.45,16.17,270.32,4.12,False,True,True,0,35,1,1
101.16,59.71,103.33,8.3,8.17,31.12,-5.28,11.26,256.49,2.4,False,True,True,0,63,1,1
182.35,48.41,57.01,11.04,10.19,-3.76,9.49,18.58,165.95,2.14,False,True,True,1,21,0,0
75.5,168.33,105.43,7.61,6.35,34.78,5.54,45.82,321.8,5.96,False,True,True,0,66,0,1
60.79,75.5,182.33,13.4,-0.4,4.54,-4.5,11.47,132.37,8.47,False,True,True,0,70,1,0
204.89,59.82,105.05,8.36,9.95,28.63,5.22,40.85,256.55,21.51,True,True,True,1,78,0,0
144.19,105.8,142.22,6.43,5.52,7.26,2.69,23.1,217.76,11.53,True,False,False,0,45,0,1
190.0,118.34,241.5,11.9,6.74,4.75,4.89,42.56,244.95,15.14,False,False,True,1,39,1,0
177.36,169.19,153.3,2.46,-2.24,31.46,13.11,12.39,283.79,2.3,False,True,True,0,37,0,0
208.46,45.35,95.85,10.95,10.64,-0.44,13.55,48.76,263.05,8.32,False,True,True,1,57,0,0
227.8,124.95,88.23,2.31,0.41,4.01,-7.0,48.03,198.38,22.03,False,True,True,0,32,0,0
139.55,91.03,131.32,5.68,5.14,21.83,2.88,25.02,226.52,9.48,True,False,False,1,51,0,1
