high_flour,low_flour,warm_water,sugar,yeast,salt,olive_oil,standstill,temp,extra_effort,bake_time,pineapple,pearl,cooker_age,cooker_gender,label
248.87,75.11,77.9,26.34,1.13,29.61,43.4,62.77,484.73,False,28.38,True,True,58,0,0
113.8,136.26,171.23,9.25,5.24,4.64,10.32,44.28,222.49,True,11.25,False,False,16,0,1
177.21,64.71,117.59,6.95,5.84,2.66,15.72,51.89,219.28,True,11.25,True,False,76,1,1
233.21,268.13,144.05,7.93,4.69,6.11,16.27,80.36,121.6,False,16.24,False,True,30,1,0
165.89,173.94,197.46,10.34,25.26,1.75,23.26,71.1,267.71,False,3.92,True,True,33,0,0
94.11,5.67,71.83,4.37,9.49,15.93,18.72,72.23,343.29,False,26.57,False,True,94,0,0
213.23,83.09,80.81,1.63,12.48,27.68,6.51,65.04,408.57,False,29.03,True,True,31,1,0
15.32,35.18,148.79,19.13,27.45,14.92,29.49,27.11,139.42,False,12.19,True,True,21,0,0
155.96,121.27,167.75,8.48,6.6,3.56,11.36,58.66,216.71,True,11.87,False,False,34,1,1
33.34,215.97,211.79,24.31,20.63,14.66,3.66,31.07,334.67,False,26.04,True,True,53,1,0
153.09,126.94,142.95,4.25,5.38,2.08,16.4,59.69,217.44,True,11.52,False,False,84,1,1
95.99,32.09,270.12,20.78,2.09,28.12,40.79,5.09,317.05,False,3.5,True,True,53,0,0
251.5,110.61,80.11,19.95,4.59,24.25,44.83,36.02,498.39,False,18.82,True,True,36,0,0
252.27,177.31,216.88,10.88,13.53,6.27,26.26,10.22,416.76,False,22.9,True,True,35,0,0
11.96,123.76,181.11,24.63,27.45,13.24,21.8,81.65,422.9,False,29.87,True,True,29,0,0
158.04,91.07,115.35,9.93,3.44,4.91,13.22,44.12,225.23,True,11.09,False,False,37,1,1
121.23,261.19,112.42,13.22,7.56,0.74,39.5,16.13,328.78,False,11.19,True,True,59,0,0
17.02,223.07,224.23,27.93,27.88,19.1,7.13,45.72,258.85,False,16.62,True,True,29,0,0
110.03,113.83,132.12,4.82,5.52,4.7,10.68,48.01,216.78,True,11.56,False,False,29,0,1
102.89,118.24,158.03,5.51,6.12,3.33,17.89,46.22,229.68,True,10.26,False,False,63,1,1
175.71,85.51,142.99,4.11,5.26,2.21,18.51,30.97,210.55,True,11.52,False,False,65,0,1
74.83,103.83,185.2,8.55,10.55,19.97,42.7,80.75,132.7,False,22.76,True,True,84,0,0
182.16,185.3,72.43,2.68,10.95,13.8,34.66,15.22,280.75,False,23.45,True,True,13,0,0
158.46,95.62,171.27,7.23,4.39,3.88,16.98,45.05,225.17,True,10.81,False,True,31,1,1
112.3,115.76,131.99,8.69,6.81,2.83,18.81,42.28,218.81,True,11.07,False,False,54,0,1
24.19,145.87,248.68,27.03,9.42,26.22,9.52,87.77,123.84,False,15.61,True,True,88,1,0
183.3,196.21,296.57,11.4,5.07,20.09,5.07,30.67,334.32,False,13.21,True,False,46,0,0
291.16,205.97,164.03,29.4,22.79,12.04,20.57,89.68,104.74,False,21.71,True,True,68,0,0
118.69,283.63,281.06,16.34,27.61,3.83,23.35,77.64,443.28,False,24.73,True,False,59,1,0
206.24,151.63,274.0,11.14,15.54,23.1,6.33,29.78,418.16,False,17.58,True,True,48,0,0
270.09,78.93,259.69,2.1,9.09,19.2,0.95,6.13,494.14,False,2.02,True,True,66,1,0
200.89,204.53,122.98,1.73,24.9,20.04,4.69,64.72,418.47,False,15.54,True,True,56,1,0
12.66,295.06,288.01,9.58,6.97,23.82,25.48,58.49,422.2,False,17.85,True,True,84,0,0
101.88,39.19,100.99,12.22,28.26,4.04,25.61,47.07,310.08,False,9.03,True,True,87,1,0
157.01,123.57,119.82,9.18,5.26,4.32,12.35,35.5,219.42,True,10.44,False,False,19,0,1
165.69,29.6,106.25,23.8,11.7,0.04,19.34,88.92,205.93,False,24.28,True,True,81,1,0
138.04,224.57,266.78,23.62,26.51,13.71,30.79,20.79,115.53,False,3.08,True,True,19,1,0
79.97,141.78,18.8,7.01,0.91,1.9,42.6,17.57,402.17,False,6.13,True,False,57,0,0
174.32,105.84,159.81,7.42,6.57,4.02,15.47,48.7,222.19,True,11.83,True,True,75,0,1
217.08,62.89,196.47,18.77,0.1,15.73,16.75,47.46,249.08,False,20.46,True,True,84,0,0
299.92,162.7,34.14,23.74,2.14,28.03,15.36,15.93,175.4,False,26.9,True,True,59,1,0
154.73,83.17,116.71,14.55,26.41,29.27,0.57,13.91,459.45,False,7.66,True,True,44,1,0
54.78,298.88,203.17,2.15,21.96,12.28,30.93,50.26,432.23,False,6.59,False,False,22,0,0
7.12,161.47,103.0,22.29,15.37,3.02,3.33,12.25,375.09,False,8.11,True,False,62,1,0
212.13,1.66,89.58,3.24,6.27,7.86,17.2,60.86,272.09,False,20.18,True,True,72,0,0
241.44,192.99,296.69,22.56,12.35,4.08,30.99,52.96,426.02,False,23.49,False,True,12,1,0
121.43,193.66,177.95,3.25,27.09,10.2,18.3,12.01,434.24,False,22.35,True,True,74,0,0
90.59,47.15,153.07,19.83,9.95,20.1,18.02,41.34,440.35,True,23.03,True,False,82,1,0
128.11,168.49,124.92,12.71,21.0,16.6,42.61,67.78,115.69,False,1.65,True,True,45,1,0
35.99,14.1,84.87,10.42,25.8,14.49,27.64,80.46,195.07,False,23.69,True,True,72,0,0
205.63,120.27,123.1,1.0,10.7,5.3,23.05,70.44,115.63,True,25.56,True,True,26,0,0
166.52,68.19,154.66,8.07,3.23,4.47,16.85,58.63,212.04,True,10.68,False,False,88,1,1
27.62,92.36,37.61,0.62,20.6,17.59,1.41,13.95,479.61,False,11.79,True,False,33,0,0
29.68,227.48,76.94,6.23,1.45,10.99,18.9,76.03,186.59,False,13.85,True,False,63,1,0
258.45,152.94,259.49,12.72,2.93,16.04,37.6,38.81,462.81,False,6.65,True,True,24,0,0
121.52,98.03,119.72,8.18,6.76,2.26,14.54,44.33,210.77,True,11.2,True,False,56,0,1
262.12,182.92,38.41,27.73,22.51,7.75,40.18,27.33,354.38,True,26.98,True,True,91,1,0
113.62,96.24,122.79,7.66,4.29,2.74,17.73,38.03,225.58,True,11.87,False,False,41,1,1
35.22,271.46,257.93,17.94,10.19,11.47,38.85,71.81,392.96,False,2.01,True,True,29,0,0
271.03,245.07,140.55,27.42,21.2,11.25,38.53,47.34,250.07,False,11.34,True,True,48,0,0
123.69,71.67,110.0,4.14,2.85,3.94,14.28,51.48,221.79,True,11.06,False,False,66,0,1
236.9,149.57,118.08,3.32,22.75,26.01,11.18,75.37,295.91,False,13.05,False,True,57,1,0
224.09,152.88,254.91,21.32,1.04,1.93,36.19,18.21,255.24,False,27.88,True,True,63,1,0
5.35,216.45,49.32,3.11,23.29,18.71,47.8,34.84,300.22,False,25.29,True,True,42,0,0
56.13,80.88,171.52,14.7,5.81,11.25,21.08,73.83,435.96,False,1.37,True,True,14,0,0
112.31,61.84,106.39,8.48,5.97,4.93,11.94,49.84,213.51,True,10.57,False,False,71,0,1
265.46,176.72,91.66,3.48,19.81,6.88,38.36,61.23,310.64,False,15.25,True,True,30,1,0
8.24,298.0,269.54,4.08,25.04,2.29,21.66,73.94,452.56,False,9.27,True,False,19,0,0
144.05,78.74,127.87,7.93,3.3,4.65,15.19,59.82,219.3,False,10.84,False,False,34,1,1
40.33,203.81,109.08,19.38,1.94,15.6,35.94,37.16,221.88,False,7.02,True,True,32,0,0
181.59,267.06,190.75,12.12,12.75,9.25,14.27,59.32,192.91,False,18.79,True,True,24,1,0
209.41,11.17,246.81,5.47,0.3,8.62,31.33,11.84,257.3,False,14.18,True,False,78,1,0
252.67,52.46,207.21,29.0,25.75,20.13,49.88,4.54,467.62,False,29.45,True,True,24,0,0
220.26,135.5,63.35,3.69,28.18,0.34,12.58,79.63,436.86,False,29.69,True,True,47,1,0
203.42,179.01,256.33,29.41,21.82,4.83,4.78,12.48,481.0,False,20.81,False,True,23,1,0
134.12,276.41,154.99,9.39,20.96,24.02,32.11,81.02,204.67,True,19.51,True,True,23,1,0
109.88,292.66,223.77,16.65,12.58,17.41,42.16,18.59,295.02,False,20.51,True,True,98,1,0
7.6,74.91,292.08,11.23,27.04,29.15,3.6,74.61,149.88,False,13.27,True,True,82,0,0
104.34,60.22,115.2,8.54,2.68,4.19,12.3,34.39,227.88,True,10.68,False,False,54,1,1
124.42,66.61,176.79,8.16,4.2,3.65,13.5,36.11,219.83,True,11.81,True,False,50,0,1
210.37,232.62,32.06,26.44,24.41,6.66,30.35,40.45,360.42,False,25.0,True,False,48,0,0
61.51,191.75,4.35,12.6,12.93,15.58,39.02,75.58,167.31,False,29.19,False,True,66,1,0
193.14,91.14,144.18,0.19,14.4,5.94,14.22,55.74,264.3,False,7.1,True,True,67,0,0
65.82,293.09,224.2,26.6,3.98,22.16,16.74,76.14,395.78,False,23.45,True,True,54,1,0
248.98,30.28,233.47,26.88,4.57,18.18,29.94,77.1,210.57,False,4.61,True,False,42,1,0
27.73,254.4,89.57,27.04,9.81,29.98,36.85,89.18,337.48,False,8.25,True,True,84,1,0
121.42,91.02,53.5,10.13,7.85,13.48,9.28,42.64,129.3,False,26.93,False,True,37,1,0
186.3,80.74,164.5,16.74,13.81,23.39,16.56,38.57,103.89,False,7.02,True,True,42,0,0
103.38,146.14,104.44,16.8,2.46,23.17,32.65,38.53,110.51,False,5.23,True,True,62,1,0
5.53,3.06,173.54,1.52,2.84,17.41,5.58,40.32,272.27,False,21.22,True,True,99,1,0
265.16,293.4,202.04,25.35,1.04,24.57,25.06,49.75,237.0,False,18.56,True,True,15,0,0
233.22,135.4,220.12,5.8,16.6,22.34,39.45,45.34,229.45,False,8.2,True,False,23,0,0
15.59,86.45,218.94,7.71,4.05,16.1,42.21,9.76,101.52,False,17.64,True,True,96,0,0
147.44,124.57,143.11,6.54,6.78,4.11,11.13,31.82,228.63,True,10.47,True,False,63,0,1
67.46,46.77,126.09,12.76,12.17,25.48,0.75,89.14,486.43,False,2.03,True,True,41,1,0
98.45,29.17,225.23,20.99,7.7,21.66,18.37,73.24,103.78,False,27.16,True,True,14,0,0
176.81,192.43,34.1,9.84,11.66,3.47,17.47,10.46,209.39,False,13.26,True,True,18,1,0
179.3,165.82,103.07,24.77,24.59,1.89,13.04,18.73,128.52,False,29.31,True,True,48,1,0
139.11,90.06,119.57,5.79,2.27,4.06,17.27,47.12,224.53,True,11.9,False,False,29,1,1
73.36,138.64,192.55,20.98,15.58,9.27,7.52,52.05,491.59,False,23.83,False,True,96,0,0
56.51,88.84,30.35,20.93,27.51,10.41,12.34,88.72,394.34,False,17.81,True,True,19,0,0
256.85,246.49,187.03,29.56,2.41,13.41,4.49,20.81,156.21,False,24.02,False,True,25,0,0
174.97,123.38,104.72,9.18,2.54,3.15,11.48,52.61,210.93,True,10.01,True,False,74,1,1
125.66,74.8,104.09,6.25,6.6,3.54,12.44,53.59,214.42,True,10.66,False,False,94,0,1
199.67,223.7,221.57,9.58,22.83,20.51,13.3,52.88,114.58,True,8.44,True,True,23,1,0
150.36,194.38,228.9,22.5,27.78,18.22,4.59,32.58,282.11,False,18.75,False,True,75,0,0
243.79,217.28,227.2,18.37,27.58,7.37,21.33,51.7,309.77,False,16.41,True,True,65,1,0
179.34,235.17,3.59,18.07,8.9,24.7,49.57,2.14,287.9,False,19.24,True,True,89,0,0
170.82,104.44,173.99,9.51,5.54,4.32,16.0,34.6,213.45,False,10.13,False,False,12,1,1
172.58,100.52,110.28,6.02,4.47,2.17,17.94,46.67,226.44,True,10.82,True,True,40,1,1
37.44,96.38,289.1,18.6,5.46,0.32,33.14,35.16,405.41,False,29.53,True,True,77,0,0
132.13,115.24,108.98,4.21,4.06,4.25,18.06,38.82,218.08,True,11.79,False,False,55,0,1
196.98,138.66,168.15,12.19,24.24,2.36,29.53,28.61,216.42,True,8.26,True,True,70,1,0
102.39,115.17,167.9,7.61,5.58,4.06,13.04,52.0,226.73,True,11.92,False,False,47,1,1
169.2,267.01,230.8,24.16,0.52,19.59,30.56,71.97,300.08,False,11.97,True,True,48,1,0
93.24,264.54,88.71,18.73,5.64,23.37,1.36,46.81,232.09,False,23.65,True,True,77,1,0
112.5,97.91,105.35,8.29,3.33,3.47,19.15,42.0,228.75,True,10.23,False,False,37,1,1
291.51,203.0,291.88,22.34,18.71,7.38,38.85,11.2,449.14,False,7.08,True,True,26,1,0
131.25,86.91,145.65,5.04,4.29,2.77,14.54,41.31,223.82,True,10.55,False,True,32,1,1
30.22,143.92,295.12,9.75,13.06,3.77,13.08,37.02,295.55,False,21.6,True,True,34,1,0
51.59,280.55,157.21,6.46,7.87,18.72,16.91,52.17,110.89,False,0.01,True,True,30,1,0
265.12,243.54,174.24,13.39,5.73,19.13,34.21,37.08,375.42,False,8.94,True,True,28,0,0
80.25,61.9,240.11,25.6,3.97,22.61,16.96,48.46,345.16,True,26.82,True,False,24,0,0
141.07,198.89,0.7,29.95,25.14,10.11,49.56,0.13,277.83,False,24.98,True,True,64,0,0
256.92,11.77,214.3,5.48,0.71,6.88,9.82,15.37,496.14,True,13.64,True,True,88,0,0
138.42,92.06,277.89,1.22,1.44,27.04,23.8,37.96,414.27,False,20.14,False,True,31,0,0
155.8,90.73,147.84,18.61,12.69,8.79,20.44,15.23,350.4,False,22.66,True,False,93,0,0
106.66,127.24,86.87,21.42,12.8,13.08,24.95,60.65,196.4,False,2.22,True,True,31,1,0
76.23,99.44,34.63,27.74,22.2,6.11,11.0,15.75,401.28,False,13.97,False,False,51,0,0
179.2,76.24,168.54,8.29,4.67,3.42,10.76,46.29,210.2,True,10.69,False,False,40,1,1
268.86,42.18,76.89,5.46,18.76,10.61,48.82,52.16,412.93,False,1.83,True,True,43,0,0
34.28,293.2,269.39,27.69,8.46,2.28,17.19,83.68,310.66,False,19.86,True,True,19,0,0
136.92,78.21,73.81,15.89,15.69,12.26,28.69,0.39,447.11,False,14.53,True,True,94,1,0
69.22,67.11,84.06,24.35,16.43,27.79,33.39,23.22,233.7,False,5.33,True,True,56,0,0
165.01,257.44,248.45,13.13,27.32,23.53,0.96,65.93,243.82,False,16.93,True,True,46,0,0
215.18,200.02,177.6,3.14,10.4,13.54,34.7,22.85,130.93,False,14.43,True,True,54,0,0
126.18,175.59,150.3,20.45,7.94,17.11,27.94,18.64,285.73,False,1.63,True,True,20,0,0
90.57,50.16,124.37,9.63,28.42,3.41,45.8,87.31,289.14,False,17.68,True,True,34,1,0
132.02,95.88,136.81,4.97,5.69,3.67,13.55,41.31,224.82,True,11.68,False,False,69,1,1
119.2,49.71,196.38,2.2,12.6,28.13,45.51,53.75,410.23,False,19.29,True,False,73,1,0
232.21,224.48,49.16,11.7,27.3,25.21,21.45,19.45,351.16,False,22.18,True,False,71,1,0
179.08,129.99,122.23,7.77,5.62,3.53,14.57,47.97,214.87,True,10.15,False,False,41,0,1
81.33,252.17,114.9,7.75,6.26,20.11,41.34,38.09,353.7,False,5.18,True,True,78,1,0
118.55,235.21,229.06,0.08,1.3,11.29,4.99,27.46,386.73,False,9.22,True,True,25,1,0
269.74,78.36,40.09,24.56,20.8,12.18,45.19,34.56,254.36,False,5.13,True,True,39,1,0
88.43,77.36,63.73,17.85,11.13,17.7,8.51,1.26,196.87,False,12.13,True,False,46,1,0
289.05,8.11,185.12,5.38,29.5,28.27,11.61,72.67,484.14,False,18.2,True,True,66,0,0
209.29,100.48,49.69,7.13,2.62,1.18,48.19,19.82,189.31,False,28.95,True,True,74,0,0
161.81,125.13,130.71,6.13,2.33,2.27,12.75,57.55,218.05,True,11.82,False,False,22,1,1
104.67,61.86,120.52,11.97,20.87,2.65,23.04,41.43,235.49,False,10.54,True,True,46,1,0
179.76,34.6,263.64,25.18,12.7,11.62,42.9,35.9,136.27,False,15.05,True,True,64,0,0
19.26,185.62,164.71,25.43,5.64,1.51,40.11,16.53,205.54,False,23.3,True,True,96,0,0
195.12,200.91,136.56,15.89,2.7,2.62,30.42,41.83,232.25,False,22.67,True,True,76,0,0
64.64,278.48,48.55,29.64,29.82,1.17,0.63,86.46,455.45,False,24.4,True,True,46,0,0
115.53,84.41,122.8,4.72,4.89,4.05,14.34,41.61,224.63,False,10.47,False,True,88,0,1
259.53,257.33,117.23,15.5,2.72,29.26,15.65,83.6,390.82,False,9.33,True,True,57,0,0
11.79,120.62,251.3,14.55,4.48,24.38,8.24,65.65,173.43,False,17.58,True,True,26,0,0
17.54,40.4,26.56,6.86,8.57,5.53,29.4,81.39,204.62,True,23.22,True,True,81,1,0
118.49,185.57,180.53,17.64,22.38,0.83,45.51,51.42,109.32,False,22.84,True,True,68,0,0
279.62,86.33,74.28,19.06,17.02,24.23,28.24,33.18,115.06,False,0.29,True,True,30,0,0
138.25,135.01,148.47,9.81,5.86,3.52,13.67,45.88,213.07,True,10.54,True,False,45,0,1
155.48,67.54,171.21,9.99,5.88,4.98,12.11,51.28,213.48,True,11.92,True,False,96,0,1
109.33,61.37,151.33,6.33,6.17,4.07,11.11,59.03,229.73,False,11.31,False,False,54,0,1
165.57,70.26,151.33,18.38,24.24,15.1,26.19,71.56,109.61,False,8.76,True,True,36,0,0
20.3,145.54,186.01,18.81,2.23,7.74,17.59,79.16,409.27,False,21.92,True,True,37,1,0
168.44,204.46,290.73,22.91,17.57,6.83,7.4,71.09,367.96,True,12.69,True,True,70,1,0
149.89,105.75,176.9,8.25,2.99,4.14,19.77,34.98,223.34,True,10.1,False,False,19,1,1
209.97,114.27,216.12,17.18,13.15,23.66,43.18,53.09,247.71,False,3.8,True,True,72,1,0
52.08,292.2,286.99,23.09,7.4,12.72,14.63,49.79,161.49,False,3.11,True,True,95,0,1
7.72,31.07,113.6,27.87,10.66,28.8,24.89,40.6,187.03,False,16.42,True,True,17,0,0
147.72,166.11,216.39,0.59,9.42,1.39,12.61,47.02,475.69,False,13.79,True,True,85,1,0
244.55,212.79,40.71,2.51,1.0,21.47,0.75,75.15,278.51,False,18.31,True,False,75,0,0
278.45,25.97,11.01,5.79,8.87,10.42,9.5,57.69,428.0,True,9.15,False,True,44,1,0
286.61,81.81,214.74,2.31,27.63,3.42,10.38,78.74,497.75,False,15.24,False,True,17,0,0
182.74,12.96,38.28,16.61,11.37,15.05,46.87,7.8,266.25,False,12.84,True,True,37,1,0
248.67,59.56,14.27,7.53,15.63,8.09,43.05,90.0,358.13,True,7.56,True,False,98,1,0
113.97,80.81,155.35,14.71,14.56,24.0,24.25,67.64,279.87,False,29.6,True,True,39,0,0
278.21,27.5,94.61,12.0,29.25,15.49,40.29,86.6,282.15,False,28.87,True,True,77,0,0
151.52,2.9,67.21,2.06,3.38,10.34,26.24,51.86,210.85,True,14.16,True,True,32,1,0
28.26,113.98,224.69,20.71,14.02,27.31,18.8,64.84,195.91,False,7.74,True,True,23,1,0
101.69,107.91,179.96,7.55,6.51,3.8,17.78,54.87,222.92,True,11.18,False,False,40,1,1
1.18,35.12,40.61,4.11,6.0,18.51,45.09,71.21,162.81,False,1.04,True,True,54,0,0
109.76,41.04,54.92,17.85,14.61,14.71,0.4,2.96,130.6,False,25.1,True,True,55,1,0
279.01,69.98,148.7,5.06,11.64,24.75,15.15,63.53,332.85,True,11.87,True,True,24,0,0
137.54,130.77,107.21,9.07,5.79,4.87,12.03,49.11,221.56,True,10.34,False,False,47,0,1
284.73,201.96,126.51,5.21,17.1,27.76,11.04,49.1,317.42,False,15.3,False,True,99,1,0
127.29,127.32,260.99,5.33,13.95,12.82,46.43,31.98,116.23,False,11.69,True,True,68,1,0
117.96,15.18,68.58,6.84,13.94,18.86,31.54,47.48,253.4,False,3.87,True,True,74,0,0
160.07,188.25,214.8,12.42,28.67,25.08,46.39,81.7,382.67,False,11.76,True,True,86,1,0
173.09,67.25,154.19,9.75,3.88,2.14,19.97,52.55,227.66,True,10.93,False,False,42,0,1
179.18,136.15,152.13,7.89,3.73,2.53,10.97,45.65,217.97,True,10.05,False,False,74,1,1
234.29,55.56,263.61,9.99,12.19,13.84,11.67,21.34,325.84,False,22.48,True,True,18,0,0
127.57,61.49,103.8,0.21,4.03,7.64,6.99,42.06,151.42,False,9.09,True,True,41,1,0
35.52,136.07,133.03,22.05,11.15,16.2,24.76,48.39,132.65,False,26.51,True,True,57,1,0
53.35,175.01,264.61,0.96,13.74,16.74,43.57,46.94,399.74,False,7.49,True,True,27,1,0
209.89,186.39,226.24,11.29,22.9,14.48,21.44,42.88,346.1,False,16.01,True,True,73,0,0
156.93,194.8,77.66,22.33,29.68,2.36,40.47,61.63,106.72,False,16.07,True,True,58,0,0
169.85,243.24,0.68,26.23,8.72,12.94,19.61,7.57,439.75,False,0.61,True,True,99,0,0
140.88,62.02,149.15,7.28,6.1,2.13,18.08,45.47,226.92,True,10.49,False,False,30,0,1
251.62,275.42,271.46,29.94,18.84,8.21,49.96,51.83,122.86,False,11.73,True,True,62,1,0
101.9,124.24,140.55,4.79,6.82,2.38,14.41,53.99,226.01,True,11.33,False,False,54,0,1
80.85,139.21,244.48,25.53,22.26,18.1,18.47,77.29,256.53,False,0.29,True,True,92,0,0
133.76,127.53,224.58,14.89,6.26,18.59,26.86,0.65,275.01,False,7.15,True,True,84,0,0
142.9,110.22,142.72,5.14,2.76,3.3,16.91,31.03,224.23,True,11.29,False,False,18,1,1
125.32,178.43,255.73,11.0,26.83,13.81,37.93,32.27,257.29,False,23.84,True,True,48,0,0
43.64,281.89,111.07,7.64,9.05,10.9,34.33,40.23,100.97,False,22.01,True,True,22,1,0
266.23,287.13,30.7,4.76,0.79,11.78,37.39,40.32,105.57,False,0.35,False,True,82,0,0
213.04,98.62,98.65,26.2,27.37,7.29,34.26,10.85,447.98,False,20.45,True,True,71,1,0
196.56,150.6,248.67,20.72,17.22,26.4,11.19,57.58,282.55,False,11.9,True,True,81,0,0
214.18,218.56,66.76,18.69,22.73,24.63,28.99,39.02,217.01,False,10.11,True,True,43,1,0
101.45,124.35,149.65,24.33,21.18,25.66,14.89,31.65,332.03,False,18.89,True,True,95,1,0
168.57,95.5,137.51,9.77,5.09,3.99,15.39,37.71,221.81,True,10.53,False,False,57,0,1
100.47,69.92,177.3,9.87,4.06,4.9,10.43,34.7,226.44,True,11.83,False,False,51,1,1
12.3,153.73,149.54,24.55,23.14,7.48,42.47,66.17,157.28,False,21.11,True,True,62,0,0
245.36,28.91,38.87,14.6,25.7,12.15,31.29,8.27,488.3,False,18.29,True,True,88,0,0
62.9,81.13,175.48,3.47,14.7,15.69,36.84,12.88,417.05,False,18.01,True,True,30,0,0
112.41,58.73,52.26,4.64,27.83,17.99,15.42,80.21,469.2,False,4.31,True,False,97,1,0
152.75,113.93,119.17,6.72,2.13,4.75,15.01,55.78,219.51,True,11.13,False,False,44,1,1
138.52,74.59,132.31,6.06,2.61,3.32,10.19,54.25,219.88,True,11.13,False,False,38,1,1
175.18,236.49,98.5,13.12,5.06,28.2,36.05,2.9,215.86,False,25.0,True,True,33,1,0
93.83,181.34,164.01,2.1,25.74,25.53,34.48,12.97,268.94,True,17.18,True,True,88,0,0
173.37,108.41,104.42,7.26,5.17,4.53,14.23,46.66,217.69,True,10.04,False,False,38,1,1
89.22,189.31,108.01,15.54,7.13,8.82,35.45,56.04,108.29,False,7.24,True,True,15,1,0
259.23,80.24,299.6,3.74,25.12,2.41,19.66,11.76,344.72,False,10.15,True,False,29,1,0
270.53,276.87,108.57,25.46,29.6,6.59,16.67,72.69,394.8,False,29.83,True,True,67,0,0
228.82,76.1,0.3,0.04,13.38,3.04,45.82,20.52,487.04,False,8.87,False,True,35,1,0
91.4,134.78,204.46,11.27,26.22,2.21,41.51,72.27,217.6,False,23.79,True,True,66,1,0
118.36,236.99,196.72,13.75,4.04,26.49,16.37,2.92,490.63,False,11.52,True,True,70,0,0
57.39,95.64,66.62,7.19,12.77,8.11,39.3,80.34,141.87,False,4.89,True,True,76,1,0
29.23,258.52,217.76,8.73,20.1,21.97,43.55,78.58,402.69,False,8.95,True,True,91,1,0
179.58,114.31,104.84,4.39,4.96,5.0,10.5,50.51,229.92,True,11.69,False,False,82,1,1
15.26,154.8,56.01,11.13,21.6,22.63,20.17,44.71,323.53,False,6.32,True,True,21,0,0
237.71,170.23,173.36,14.99,13.79,0.26,25.67,6.38,304.85,False,25.97,True,True,42,0,0
110.46,243.62,275.55,5.66,23.3,2.22,17.6,32.36,160.62,True,11.35,True,True,13,0,0
61.05,28.88,224.69,26.52,27.19,15.25,28.57,64.96,253.36,False,16.21,True,False,18,1,0
27.7,225.89,259.27,2.93,1.68,26.88,18.86,82.8,220.29,False,26.91,True,True,57,1,0
157.27,130.58,146.63,4.59,3.42,3.75,15.61,57.28,216.48,True,11.67,False,False,62,0,1
102.03,249.7,200.75,6.09,19.55,8.39,1.37,13.34,127.54,False,22.22,True,True,80,1,0
247.28,63.87,92.66,1.59,6.05,27.58,28.79,27.81,345.54,False,3.06,False,True,24,0,0
101.26,293.25,121.78,6.22,6.23,22.81,26.08,32.15,286.47,False,4.28,True,True,89,1,0
147.06,88.32,144.74,7.05,4.74,3.94,15.97,48.26,229.84,True,10.76,False,False,95,0,1
149.53,254.02,280.13,7.37,13.03,15.86,26.36,50.33,449.45,False,29.13,True,True,82,0,0
157.74,136.76,109.13,8.06,6.27,4.59,17.38,34.1,214.26,True,10.84,False,False,38,1,1
125.09,56.34,140.77,17.69,21.44,18.4,21.42,14.09,388.42,False,21.83,True,True,45,0,0
118.91,166.57,21.08,19.46,1.38,8.54,10.81,74.28,469.75,False,24.74,True,True,20,1,0
156.77,225.87,217.11,10.3,3.81,18.19,17.05,25.44,417.49,False,26.35,True,False,94,0,0
189.19,230.6,103.99,23.8,14.73,21.36,8.24,88.39,391.81,False,11.74,True,True,81,0,0
253.77,142.76,1.01,12.29,7.95,15.87,19.74,22.56,373.77,False,10.34,True,True,76,1,0
173.12,137.11,134.01,26.89,27.2,27.12,29.9,66.72,450.07,False,1.14,True,True,32,0,0
108.58,185.11,36.45,10.62,27.26,13.64,12.66,35.5,325.02,False,14.6,True,True,32,1,0
106.7,131.95,170.8,4.79,5.51,3.47,10.54,54.08,222.08,True,10.89,True,False,84,1,1
196.29,282.27,120.02,15.48,22.48,27.25,40.14,77.81,207.08,False,5.88,True,True,29,1,0
255.87,119.14,241.42,13.56,15.6,0.72,45.4,11.24,210.54,False,18.08,True,True,86,1,0
297.39,43.47,283.37,0.27,9.36,17.29,32.54,40.29,201.75,False,20.98,True,True,49,1,0
159.07,258.19,10.78,11.61,25.3,11.16,29.38,85.12,369.82,False,26.03,True,True,67,1,0
274.55,191.13,166.0,16.64,4.0,22.77,27.79,73.45,323.46,False,7.1,True,False,69,0,0
224.98,26.49,183.93,29.78,10.83,17.85,45.24,52.62,367.21,False,6.35,True,True,83,1,0
55.33,92.85,276.74,29.46,8.35,10.08,10.83,16.68,480.32,False,0.7,False,True,67,1,0
298.15,242.35,105.61,22.62,1.45,26.54,14.01,67.53,377.87,False,26.16,False,True,33,1,0
84.21,90.04,52.21,28.48,7.64,25.37,45.36,78.3,391.35,False,4.47,True,True,31,1,0
100.19,87.53,157.69,7.78,2.85,4.85,15.92,59.36,217.57,True,10.98,False,False,73,0,1
29.41,126.79,20.73,15.59,29.84,27.27,41.04,58.99,491.0,False,21.03,True,True,74,1,0
128.85,139.88,279.32,18.55,3.8,18.17,30.99,32.21,389.54,True,5.58,True,True,19,0,0
103.34,282.85,7.78,10.42,13.14,14.63,24.32,60.13,420.17,False,28.25,True,False,85,0,0
218.29,43.52,137.2,23.09,16.61,19.48,27.46,20.61,369.22,False,25.98,True,True,98,0,0
185.38,0.16,205.06,11.34,27.34,23.53,32.08,63.67,112.57,False,27.08,True,True,81,1,0
160.3,97.12,218.83,24.26,7.39,3.93,0.85,33.7,367.76,False,13.95,True,True,99,1,0
290.3,231.66,56.45,9.07,0.3,7.36,16.2,63.6,249.61,False,8.19,True,True,49,0,0
113.7,86.38,169.25,7.97,2.93,2.14,14.61,32.03,226.11,True,11.99,False,False,20,1,1
187.71,286.08,219.03,10.71,1.01,12.27,9.13,64.54,148.51,False,23.66,True,True,93,0,0
299.13,84.76,109.94,23.34,29.68,24.85,21.92,12.94,374.17,False,16.47,True,True,88,0,0
149.11,133.79,132.22,4.23,5.36,4.37,12.32,48.14,210.18,False,10.99,False,False,88,0,1
153.69,77.2,165.66,5.73,6.39,4.67,19.5,59.77,214.02,True,11.87,False,False,22,0,1
39.59,206.64,298.99,15.16,10.82,21.2,11.92,63.75,314.75,False,6.33,True,False,76,1,0
170.76,108.73,136.19,5.02,4.41,4.38,15.44,43.11,226.1,False,10.7,True,True,17,1,1
111.73,69.36,149.85,7.95,2.41,2.93,15.8,39.53,226.36,False,10.14,True,False,42,1,1
203.5,117.22,242.43,12.44,17.84,18.44,48.22,24.02,281.74,False,4.53,True,True,86,0,0
66.84,134.97,152.7,21.21,11.8,12.02,12.38,33.66,213.64,False,23.58,True,True,86,1,0
228.66,28.68,23.12,2.71,23.79,21.38,13.02,55.16,176.78,False,24.01,True,True,66,0,0
273.09,108.08,57.71,0.97,26.89,25.9,22.43,76.61,137.77,False,8.08,True,True,52,0,0
140.32,121.13,127.75,6.73,5.68,2.94,18.94,49.26,216.26,True,11.66,True,True,51,1,1
169.91,197.23,284.67,23.0,21.93,22.07,46.06,73.39,124.87,False,2.98,True,True,84,0,0
2.55,271.29,50.83,28.21,25.35,20.81,18.86,65.71,211.01,False,29.35,True,True,22,0,0
132.54,91.31,134.48,6.26,6.8,2.99,18.71,50.55,222.97,True,10.25,False,False,65,0,1
132.7,115.49,152.67,8.01,6.27,2.4,17.52,54.75,220.55,True,10.46,False,False,14,0,1
127.93,176.95,99.38,27.92,3.49,4.15,11.55,84.69,247.05,False,13.59,True,False,100,1,0
107.78,134.13,128.86,8.8,3.89,3.44,11.11,43.63,215.19,True,10.93,False,False,59,1,1
145.09,133.34,101.39,4.07,6.38,4.88,16.19,36.89,225.05,True,11.54,False,False,26,0,1
27.76,70.7,138.05,13.33,19.8,20.42,1.68,72.78,318.84,False,8.9,True,True,36,0,0
37.15,21.6,197.71,8.49,26.93,17.11,37.35,23.32,335.07,True,15.94,False,True,31,0,0
112.45,114.03,166.21,9.39,5.98,4.03,10.78,39.94,211.24,True,10.43,False,False,54,0,1
210.13,37.21,182.23,25.27,29.94,11.19,5.42,28.03,249.79,False,23.06,True,True,14,0,0
119.21,72.0,160.89,9.06,2.13,4.79,15.13,48.0,229.39,True,10.99,False,False,14,1,1
194.35,238.21,142.8,12.31,20.81,19.6,7.69,85.66,135.16,False,25.22,True,True,47,1,0
108.92,87.6,145.59,9.85,6.93,3.29,17.3,49.02,226.95,True,10.99,True,False,29,0,1
291.67,174.16,79.89,8.52,3.06,26.06,41.55,63.45,109.3,False,6.39,True,True,60,1,0
0.71,180.52,151.64,2.67,2.56,24.44,21.18,44.49,438.8,False,9.16,True,True,98,1,0
297.16,263.46,47.07,9.59,12.4,15.36,12.54,17.24,432.35,True,29.68,True,True,91,1,0
204.07,248.62,198.79,21.74,29.78,22.92,13.36,77.81,114.19,False,7.56,True,True,99,1,0
139.94,148.01,136.76,0.55,12.75,2.51,32.36,62.61,420.42,False,13.54,True,True,18,1,0
219.91,187.95,127.05,0.77,18.27,27.65,2.04,1.22,492.51,False,28.25,True,True,39,0,0
56.01,61.46,7.07,7.52,18.58,17.7,40.28,30.08,463.73,False,6.3,True,True,30,0,0
139.87,99.25,115.47,5.48,5.43,2.93,15.43,48.33,225.77,True,11.41,False,False,21,1,1
134.15,115.77,146.61,9.33,2.28,4.18,10.61,53.46,226.51,True,10.54,False,False,21,0,1
168.35,285.86,180.39,22.8,0.93,24.97,33.76,29.45,188.78,False,19.32,False,True,88,0,0
21.72,4.07,15.65,18.56,16.39,2.75,37.59,66.89,253.64,False,14.18,True,True,74,1,0
190.88,241.64,96.63,1.14,15.56,3.56,15.63,14.69,258.21,False,25.97,True,True,28,0,0
237.63,71.39,126.05,11.7,18.87,14.93,43.49,68.98,262.71,False,13.41,True,True,98,1,0
136.54,106.04,166.87,6.94,4.42,3.39,12.39,50.62,222.35,True,10.19,False,False,53,0,1
174.34,105.29,167.68,4.83,4.01,2.76,17.58,51.33,215.99,False,11.25,False,False,15,0,1
104.73,128.16,112.44,4.84,5.78,4.29,19.03,35.73,217.78,True,10.74,False,False,60,1,1
10.93,78.16,24.57,20.99,11.57,20.72,42.95,45.32,175.81,False,19.57,True,True,74,1,0
261.89,119.3,247.39,19.17,22.53,11.56,31.48,22.16,311.13,False,0.91,True,True,23,1,0
70.85,161.34,192.39,17.87,1.95,18.2,39.7,18.92,121.68,False,27.85,True,False,14,0,0
176.11,128.48,168.36,4.71,3.77,3.93,18.08,51.47,225.5,True,11.23,False,False,18,1,1
163.96,110.67,151.79,5.73,4.67,2.86,11.6,54.86,219.7,True,11.9,False,False,26,1,1
279.02,228.94,67.31,19.33,24.28,6.15,13.87,33.4,365.36,False,19.36,True,True,32,0,0
266.57,106.66,116.69,18.11,22.39,9.31,12.47,41.23,493.44,True,24.0,True,True,92,0,0
164.45,62.06,103.71,5.28,5.23,2.8,15.82,51.92,221.01,True,10.55,False,False,34,0,1
113.39,130.09,276.73,8.08,9.21,1.8,33.67,5.98,196.42,True,7.98,True,True,43,1,0
89.59,59.85,24.38,25.11,26.88,3.99,8.8,89.23,426.65,False,4.04,True,True,63,1,0
1.32,218.39,42.0,3.72,27.98,15.1,28.57,43.92,136.34,False,11.09,True,True,54,1,0
123.15,135.65,179.68,4.4,3.96,4.78,12.12,40.89,213.19,True,11.47,False,False,50,1,1
39.21,55.9,7.71,18.89,23.73,0.28,12.77,26.65,174.56,False,14.59,True,True,84,1,0
3.47,239.36,237.57,13.79,19.85,23.52,3.23,71.97,301.72,False,24.98,True,True,26,1,0
126.98,275.57,157.74,12.26,24.91,12.47,24.8,47.94,162.47,False,12.61,True,True,76,1,0
175.32,139.18,218.65,16.34,9.04,23.12,3.64,84.66,287.5,False,24.97,True,True,95,0,0
132.31,133.82,139.71,8.76,2.82,2.26,14.47,41.12,219.47,True,11.94,False,False,78,0,1
199.35,190.81,29.47,12.08,24.23,5.2,19.39,54.26,167.73,False,12.06,True,True,94,1,0
176.48,146.39,7.57,6.18,26.61,26.66,44.58,2.76,393.94,False,28.4,True,True,93,1,0
68.72,190.74,35.84,23.68,9.83,21.04,21.03,0.97,206.95,False,2.41,True,True,52,1,0
162.52,174.96,250.77,21.86,12.81,15.19,44.15,86.87,162.48,False,19.93,True,True,13,0,0
64.14,272.77,113.08,9.06,25.35,22.5,19.46,32.4,298.0,False,1.25,True,True,59,0,0
132.7,135.75,149.5,4.31,6.34,3.54,12.53,39.42,214.16,False,11.5,False,False,85,1,1
167.64,122.15,124.74,7.97,3.59,3.05,11.49,34.67,226.68,True,11.85,False,False,22,1,1
30.76,129.96,140.88,28.68,11.05,24.54,47.07,67.16,315.97,True,18.1,True,True,100,0,0
62.71,60.23,237.35,23.22,7.34,20.49,3.91,42.15,483.87,False,19.18,True,True,24,0,0
153.98,111.46,174.26,9.4,5.31,2.31,14.15,37.66,221.07,True,11.91,False,True,14,0,1
60.81,130.02,245.62,27.06,1.26,6.97,7.84,15.77,175.97,False,11.14,True,True,20,1,0
160.44,97.67,123.51,4.72,6.2,3.32,16.54,33.28,221.36,True,10.5,False,False,52,1,1
15.1,190.8,227.75,5.66,22.31,14.58,42.17,20.22,251.09,False,14.96,True,True,56,1,0
179.68,128.18,154.9,8.35,5.29,4.3,17.03,30.66,222.44,True,10.78,False,False,87,0,1
157.93,108.33,132.3,8.4,2.23,2.92,19.52,52.74,212.91,False,10.89,False,False,24,1,1
97.66,181.28,161.55,3.79,23.63,2.37,41.5,85.98,454.15,True,7.57,True,True,47,1,0
59.61,106.42,263.19,4.58,0.04,10.11,16.59,89.83,120.07,False,26.25,True,True,13,0,0
117.02,113.69,110.2,6.13,4.41,3.77,19.17,53.89,218.17,True,10.34,False,False,12,0,1
169.38,297.47,213.22,1.56,19.23,0.6,15.59,41.91,451.36,False,29.45,True,True,33,1,0
202.01,174.14,73.47,23.24,23.87,22.93,4.42,47.86,379.81,False,0.07,True,True,50,0,0
15.17,290.06,275.98,4.21,5.54,0.56,7.14,82.27,108.4,False,13.05,True,True,39,1,0
55.66,119.07,191.85,26.25,3.37,19.2,25.35,26.46,388.75,False,2.12,True,True,92,1,0
138.29,184.21,90.07,15.14,17.47,10.15,45.42,58.07,173.15,False,22.38,True,True,67,1,0
75.65,84.14,281.77,7.5,8.89,27.38,30.04,8.83,485.27,False,5.91,True,False,27,0,0
195.51,29.81,161.13,17.92,4.92,15.53,30.55,21.49,454.44,False,18.78,True,True,39,1,0
264.76,17.47,48.16,22.26,24.49,4.85,19.9,45.28,484.48,False,15.3,True,True,29,0,0
21.62,208.61,262.46,27.59,16.92,24.63,19.2,10.57,335.27,False,20.37,True,False,20,0,0
120.26,104.14,267.69,18.78,21.4,4.77,21.65,60.26,153.75,False,3.83,True,False,38,0,0
65.07,134.19,52.6,13.77,27.0,28.72,16.02,48.13,273.26,False,9.36,True,True,95,1,0
138.73,288.08,257.59,6.87,11.19,26.5,1.49,84.69,472.9,False,25.3,True,True,82,1,0
172.65,276.47,3.98,10.76,14.37,24.26,31.26,15.59,477.28,False,16.47,True,True,39,1,0
85.12,264.38,157.56,26.11,0.51,14.2,3.49,29.76,105.78,False,23.04,True,True,78,1,0
88.25,103.5,165.79,12.25,7.39,28.95,15.03,10.06,159.82,False,26.99,True,True,27,0,0
164.79,145.43,113.62,7.18,24.37,0.88,32.87,23.84,389.91,False,13.54,True,True,87,0,0
18.36,4.59,39.85,23.62,27.33,3.62,8.55,58.68,167.1,False,12.99,True,True,48,1,0
45.65,59.75,235.96,2.5,9.07,18.08,33.76,30.24,198.99,True,29.98,True,True,70,0,0
131.52,77.38,152.27,5.33,5.23,3.86,12.63,54.9,214.36,True,10.27,True,False,58,0,1
157.5,134.85,153.8,4.29,3.37,2.26,15.57,30.08,227.74,True,11.81,False,False,44,0,1
176.1,241.38,84.61,9.68,0.38,28.3,30.72,19.05,448.95,False,20.18,True,True,15,1,1
132.21,12.07,58.9,29.4,2.86,26.34,4.9,22.67,247.0,True,13.69,False,True,84,1,0
267.35,290.98,223.16,5.44,17.59,6.74,8.89,55.52,487.54,False,10.91,True,True,89,0,0
214.26,50.01,209.76,23.14,0.64,25.61,28.87,2.48,360.33,False,11.89,True,True,90,1,0
126.78,94.66,243.63,16.08,23.92,13.77,20.78,12.65,337.21,False,3.13,True,True,49,0,0
116.44,100.85,146.93,6.99,3.85,3.31,10.77,55.75,228.83,True,11.17,False,False,59,0,1
146.97,233.69,68.31,15.96,25.42,8.19,35.18,85.69,445.02,False,29.31,True,True,63,1,0
78.28,207.51,18.05,23.59,18.02,8.42,44.16,84.73,269.65,False,10.92,False,True,54,1,0
122.58,110.07,109.98,6.27,5.41,4.85,12.74,50.27,216.03,True,11.85,False,False,73,1,1
238.88,74.58,218.91,14.82,5.74,17.16,42.09,87.67,341.67,False,5.23,False,True,18,1,1
51.61,121.34,138.94,0.98,6.05,5.51,41.44,85.37,328.84,False,21.71,True,True,68,1,0
270.4,7.15,293.72,25.76,20.46,1.51,4.75,79.43,172.09,False,4.48,True,True,42,0,0
152.25,85.97,172.78,5.48,6.93,2.73,15.6,49.81,221.5,False,10.02,False,False,51,0,1
209.53,216.56,269.7,7.03,18.11,15.02,49.63,69.62,321.27,False,13.1,True,True,66,0,0
18.46,45.46,28.86,3.51,24.43,17.49,21.52,85.65,408.02,False,12.18,True,True,61,1,0
40.59,13.76,164.99,16.71,27.26,28.36,31.21,52.31,152.62,False,29.5,True,True,25,0,0
152.08,132.29,148.13,8.05,6.96,3.6,17.14,40.38,224.47,True,10.55,False,False,64,0,1
15.11,167.32,116.38,19.98,1.57,24.85,3.12,89.57,205.09,False,26.96,True,True,81,0,0
16.64,76.36,124.0,17.74,20.55,18.56,48.39,43.03,310.14,False,18.73,False,True,27,1,0
212.71,65.51,128.27,11.91,14.63,21.19,26.04,68.8,403.76,False,14.5,True,True,22,0,0
104.18,75.85,117.9,8.87,2.81,4.14,17.73,52.44,222.89,True,11.16,True,True,18,1,1
175.93,88.35,171.56,9.1,5.07,2.05,15.54,38.52,212.36,True,10.46,False,True,94,0,1
74.68,277.19,162.61,28.36,15.34,6.74,44.81,64.58,439.04,False,9.68,True,True,30,1,0
198.21,184.82,243.38,0.76,0.73,17.39,47.38,73.0,432.82,False,0.08,True,True,36,1,0
30.22,15.88,206.89,25.37,21.29,16.62,3.56,46.34,384.52,True,22.56,True,True,18,0,0
104.64,82.51,178.93,6.35,4.55,2.17,16.85,43.93,226.34,True,10.77,True,False,59,0,1
13.55,177.44,82.45,3.85,22.15,12.28,43.79,78.09,291.42,False,28.33,True,True,32,0,0
194.32,292.0,209.62,15.34,17.7,9.04,21.15,10.87,462.22,False,17.24,True,True,46,1,0
179.84,130.62,175.44,9.8,4.49,3.26,10.54,38.9,225.05,True,10.26,False,False,61,1,1
129.89,94.18,138.05,6.99,6.01,4.8,19.44,44.18,210.7,True,10.32,True,False,55,0,1
215.23,150.92,254.09,21.67,1.91,24.36,19.29,82.28,134.7,False,9.84,True,True,40,0,0
226.72,17.99,22.9,16.21,2.5,4.46,42.21,25.86,299.13,False,11.74,True,True,33,1,0
28.78,103.96,0.78,14.84,19.68,8.16,20.35,47.41,158.1,False,5.65,True,True,54,0,0
199.29,66.73,221.15,23.92,21.99,12.92,24.18,72.7,197.8,False,6.34,True,True,21,0,0
32.26,34.02,2.31,2.19,0.07,5.94,22.95,48.41,227.37,False,5.91,False,True,55,0,0
113.58,134.06,174.88,6.83,5.61,2.6,11.73,53.76,214.26,True,10.23,False,False,93,0,1
6.81,94.88,204.82,4.96,1.6,4.72,14.44,89.74,203.23,False,20.7,True,False,56,1,0
114.87,67.45,187.68,20.7,1.74,0.09,11.18,83.23,308.49,False,21.91,True,True,78,1,0
269.66,290.01,54.17,13.13,5.58,6.27,19.11,17.04,317.13,False,2.8,True,True,67,1,0
193.62,281.09,218.86,26.34,4.31,27.35,1.39,10.74,199.84,True,7.17,True,True,47,1,0
252.35,192.36,241.59,18.61,13.86,13.6,18.57,17.22,336.37,False,13.94,True,True,35,1,0
239.2,297.99,264.67,14.93,14.55,26.38,30.86,62.48,210.81,False,17.45,True,True,37,1,0
142.39,90.16,128.33,6.72,5.75,2.51,18.61,30.52,224.77,True,10.07,False,True,48,1,1
178.98,128.68,139.53,7.36,5.84,2.2,18.17,39.16,210.87,True,10.8,False,False,19,1,1
136.57,67.12,57.02,27.21,9.16,12.85,17.41,23.66,208.6,False,8.34,True,True,36,1,0
130.76,97.53,161.31,6.92,4.76,3.3,14.6,46.01,226.0,True,10.78,True,False,95,1,1
225.0,273.35,207.15,5.5,20.98,18.43,39.93,22.47,370.47,False,29.21,True,True,78,0,0
202.37,294.21,139.04,14.51,2.1,14.67,17.5,7.72,469.08,False,28.12,True,True,43,0,0
92.2,128.77,201.82,23.57,12.71,11.99,35.96,35.98,256.76,False,28.28,True,True,84,1,0
192.71,220.17,217.9,10.44,25.0,19.04,48.09,47.31,324.86,False,0.54,True,True,76,0,0
235.15,281.82,279.61,27.85,10.25,27.1,32.51,60.79,378.44,False,17.95,True,True,78,0,0
129.98,86.14,141.12,8.88,4.46,3.15,11.38,54.88,220.39,False,10.82,False,False,17,1,1
232.67,149.11,262.88,18.33,11.73,19.19,13.92,57.07,141.47,False,12.86,False,True,61,0,0
274.75,16.61,195.46,0.25,19.24,14.09,15.96,64.43,481.74,False,0.07,True,True,44,0,0
190.29,251.78,88.5,20.46,8.61,3.02,27.93,14.78,129.58,False,23.29,True,True,80,0,0
158.02,103.81,273.75,21.12,8.87,20.93,31.02,13.33,160.7,False,6.54,True,False,71,1,0
149.09,119.18,159.66,8.53,3.93,4.37,11.47,39.2,213.29,True,10.93,False,False,90,0,1
160.31,212.6,181.19,27.46,9.43,19.47,23.29,2.24,376.84,False,14.35,True,True,55,1,0
132.12,78.01,134.95,9.43,2.23,4.25,12.2,50.34,214.91,True,11.84,True,False,37,0,1
139.62,94.07,109.17,8.06,2.86,2.7,12.74,41.66,226.25,True,10.61,False,False,24,1,1
109.57,80.55,151.32,6.57,2.5,4.77,15.52,39.9,215.51,True,11.57,False,False,47,0,1
141.09,119.35,173.78,9.15,3.81,3.63,12.52,50.22,225.84,True,11.9,False,False,85,0,1
127.21,69.2,128.87,7.91,2.22,2.69,12.64,53.11,227.31,True,11.56,False,False,74,1,1
118.89,114.57,102.82,7.85,2.71,3.26,12.88,42.52,215.71,True,11.18,False,False,85,1,1
63.44,233.21,263.43,20.09,6.04,17.28,48.26,54.57,465.17,False,23.73,True,True,63,0,0
220.41,239.68,240.53,4.57,28.47,7.37,38.81,41.92,478.77,False,26.17,True,True,35,1,0
126.63,122.78,136.25,8.96,2.13,2.25,15.5,52.41,225.53,True,10.69,True,False,17,1,1
109.05,64.67,153.24,9.41,6.99,2.07,18.14,50.09,224.23,True,11.44,False,False,52,1,1
181.99,277.58,24.17,3.35,4.21,11.46,20.77,43.34,462.44,False,10.11,True,True,65,0,0
135.9,116.01,153.01,7.71,2.15,4.95,13.87,52.53,222.49,True,11.97,False,False,98,1,1
116.5,296.4,240.6,8.11,26.28,21.93,9.64,57.31,295.18,False,9.97,False,False,58,1,0
117.57,80.66,110.78,9.43,4.17,3.94,18.85,38.26,221.51,True,10.55,False,True,49,1,1
154.39,154.68,58.2,0.37,22.31,21.61,47.15,55.68,147.79,True,9.89,True,True,21,1,0
137.03,133.14,156.31,7.07,3.56,3.11,10.59,52.31,218.03,True,11.15,False,False,94,1,1
258.98,290.96,54.65,20.23,4.81,2.96,29.12,27.27,124.77,False,9.43,True,True,57,1,0
97.11,75.79,191.87,11.82,9.08,28.17,40.41,89.14,228.09,False,17.78,True,True,84,0,0
22.25,186.78,214.26,28.26,20.46,24.57,25.01,42.71,239.25,False,10.5,True,True,58,0,0
54.34,92.76,290.46,6.37,28.96,3.58,37.72,85.8,149.89,False,22.57,True,False,50,1,0
135.98,64.57,175.18,4.72,6.65,3.53,13.29,55.74,227.49,True,11.38,False,False,56,0,1
114.53,86.69,46.7,9.77,22.28,15.02,48.26,55.1,292.87,False,21.62,True,True,81,1,0
179.57,212.83,143.76,21.51,8.24,12.05,9.13,15.22,184.23,False,13.14,True,True,92,1,0
43.92,71.17,276.22,18.49,9.07,7.32,5.54,80.83,266.96,False,4.36,True,True,21,0,0
178.96,228.52,243.44,14.35,16.03,18.98,27.13,74.55,301.26,False,14.37,True,True,13,1,0
99.89,195.37,72.67,5.18,12.0,25.48,31.84,36.87,153.86,False,3.86,True,True,81,1,0
261.33,207.85,260.1,28.59,9.48,2.45,8.59,4.2,457.37,False,16.56,True,True,75,0,0
18.39,79.11,276.8,17.51,19.08,5.66,42.38,16.83,401.97,False,24.69,True,True,39,1,0
162.73,134.7,105.92,9.95,2.15,4.75,18.55,57.57,219.49,True,10.39,False,False,100,0,0
205.17,283.82,120.02,25.24,26.33,10.38,42.06,13.34,359.79,False,17.81,True,True,79,1,0
249.17,189.79,280.2,11.77,20.07,9.54,1.29,26.62,306.35,False,25.48,True,True,12,0,0
129.35,82.42,116.87,6.34,3.28,4.63,13.22,53.42,228.07,False,10.96,False,False,69,0,1
220.13,79.72,36.39,17.34,6.15,27.77,23.64,69.28,458.31,False,17.21,True,True,27,0,0
130.1,70.11,151.13,9.6,5.8,3.78,19.21,57.01,222.1,True,11.51,True,False,15,0,1
80.28,78.11,49.62,7.6,24.62,13.4,10.23,8.38,491.01,False,11.24,True,True,54,0,0
144.41,88.41,119.38,9.66,3.66,4.95,19.54,50.21,211.34,True,11.23,False,False,27,0,1
277.19,32.26,16.04,18.9,28.31,21.87,49.57,7.78,265.55,False,9.52,True,True,85,1,0
256.41,219.4,260.78,24.45,26.62,23.54,10.71,9.04,104.84,False,28.03,False,False,40,1,0
226.19,124.76,257.0,2.8,1.81,27.42,49.34,32.7,303.05,False,15.86,True,True,81,0,0
122.79,107.44,113.31,6.33,5.44,4.62,18.75,58.84,219.13,False,10.81,False,False,30,1,1
27.22,47.54,156.95,19.76,1.66,12.96,0.99,73.82,425.58,False,17.39,True,False,47,0,0
164.05,83.29,171.16,9.86,4.71,3.74,17.53,58.22,219.92,True,10.86,False,False,97,0,1
135.35,183.22,92.96,9.39,9.09,6.05,23.5,45.06,122.86,False,26.31,True,True,74,1,0
116.61,121.05,138.51,8.77,4.22,3.13,12.97,53.89,222.91,True,11.21,True,False,87,0,1
76.3,58.03,96.77,22.37,2.69,23.22,42.16,32.48,263.17,False,29.55,True,True,13,1,0
248.2,222.7,131.19,4.49,18.21,29.92,12.05,47.09,429.86,False,7.62,True,True,55,1,0
184.49,294.76,46.19,1.2,10.7,7.98,37.04,28.49,449.48,False,19.54,True,True,88,1,0
25.01,229.65,133.2,6.04,22.07,16.95,44.15,51.22,343.29,False,27.45,True,True,78,1,0
189.26,207.92,214.32,9.54,25.88,6.46,25.48,44.63,287.72,False,9.53,True,False,47,1,0
104.07,86.51,168.23,22.75,20.65,15.41,48.39,26.4,150.06,False,14.24,True,True,96,0,0
199.36,192.86,132.53,23.65,9.45,13.05,20.46,40.4,315.2,False,8.15,False,True,45,1,0
132.26,68.3,169.9,8.61,5.25,4.04,17.0,54.69,214.01,True,10.4,False,False,81,0,1
28.79,251.04,9.71,27.31,2.71,26.63,45.4,22.1,267.84,False,26.82,True,True,84,0,0
123.31,168.31,229.49,16.47,24.05,16.97,2.82,56.3,242.82,False,15.99,True,True,72,1,0
74.16,195.97,54.73,10.06,15.28,26.58,0.23,8.05,194.36,False,21.89,False,True,60,0,0
135.41,82.35,153.07,6.76,4.68,4.14,14.7,35.29,223.54,True,11.36,False,False,48,1,1
48.87,92.9,208.44,25.36,21.01,19.06,5.39,25.27,190.08,False,20.19,True,True,60,1,0
172.43,79.56,177.28,7.1,5.27,4.01,14.09,40.79,229.67,True,11.47,True,False,70,0,1
137.25,120.81,139.06,4.28,2.33,4.08,15.21,30.56,217.09,True,10.31,True,False,24,0,1
179.77,74.69,124.17,7.82,3.27,3.97,11.63,55.58,211.93,True,10.74,False,False,33,0,1
283.51,175.54,77.14,2.85,26.84,5.45,23.52,74.66,385.32,False,9.23,True,True,100,0,0
258.2,222.62,198.81,3.06,8.0,28.04,12.59,86.56,426.87,False,0.22,True,True,66,1,0
53.11,105.18,137.9,28.55,7.59,14.71,29.23,40.31,264.5,False,14.2,True,True,20,0,0
35.75,81.44,289.3,23.92,9.75,13.31,15.89,12.74,493.33,False,17.1,True,True,69,1,0
288.48,109.93,280.95,29.98,9.91,12.82,14.37,2.32,347.43,True,18.3,True,True,61,1,0
256.94,105.86,274.06,29.16,7.22,8.47,46.12,57.83,384.66,False,26.91,True,True,31,0,0
62.72,122.22,285.62,26.68,13.69,23.83,38.64,41.17,256.6,False,25.05,True,True,30,0,0
75.48,178.38,278.07,8.16,4.38,23.86,7.34,65.27,136.36,False,24.82,True,True,38,1,0
139.51,134.53,131.84,4.1,5.95,2.19,10.98,44.72,226.55,True,10.61,False,False,36,0,1
25.1,235.94,108.56,11.61,19.96,21.35,9.25,41.3,241.28,False,29.85,True,True,93,1,0
139.36,195.25,219.82,29.48,26.6,12.42,28.12,25.63,406.33,False,18.69,True,True,69,1,0
286.89,109.93,39.29,29.65,28.68,27.67,31.18,43.98,177.51,False,16.88,True,False,40,1,0
178.48,74.54,157.47,7.86,4.61,4.26,14.27,51.79,217.67,True,10.07,False,False,36,0,1
241.73,86.37,193.84,19.7,14.57,13.01,18.42,9.59,168.06,True,15.43,True,True,21,0,0
190.9,51.05,102.12,18.68,27.18,20.78,48.51,7.04,180.42,False,25.62,True,True,20,0,0
16.23,43.98,110.21,28.49,1.31,13.45,7.4,46.9,454.71,False,19.4,True,True,49,1,0
54.24,248.1,224.68,24.66,28.29,3.51,42.47,43.16,317.93,False,12.92,True,True,21,0,0
219.64,187.68,207.24,9.77,21.31,24.24,15.13,84.47,438.27,False,27.56,False,True,39,1,0
99.68,227.13,211.66,15.1,29.75,5.3,15.78,45.09,333.8,False,16.89,True,True,96,1,0
91.24,146.96,210.75,21.52,9.57,5.03,30.02,45.46,495.17,False,7.03,True,False,97,1,0
139.08,144.34,165.02,2.3,15.85,3.93,5.41,72.06,459.93,False,6.23,True,True,87,1,0
217.8,78.06,139.29,17.19,27.29,23.73,44.8,13.09,246.55,False,19.04,True,True,24,0,0
100.33,87.56,147.55,5.16,3.2,4.21,18.75,45.0,216.08,True,11.17,False,False,22,1,1
127.25,86.54,113.65,9.4,3.35,2.86,16.81,46.76,210.63,True,11.06,False,True,58,1,1
6.56,91.71,269.47,16.63,21.37,18.86,10.29,72.8,180.19,False,14.39,False,True,93,1,1
136.46,237.21,177.7,10.03,17.84,22.48,40.29,61.22,261.11,False,14.87,True,True,91,0,1
171.24,238.82,120.5,9.24,20.16,24.34,13.84,79.72,353.49,False,29.85,True,True,95,1,0
103.4,96.98,8.3,23.29,17.44,20.41,48.19,28.09,286.79,False,14.5,True,True,84,1,0
296.33,167.28,202.75,24.64,20.71,24.7,23.17,12.16,338.14,False,7.34,True,True,96,0,0
80.55,66.52,241.63,15.89,9.46,12.26,37.77,87.33,346.52,False,16.88,True,True,35,1,0
168.25,84.16,142.38,4.75,4.2,3.66,17.52,55.53,224.49,True,11.69,True,False,51,1,1
208.66,91.18,243.38,21.54,13.8,28.98,27.15,78.49,254.17,False,3.52,True,True,42,1,0
180.39,253.98,293.2,13.42,24.71,5.32,9.65,50.36,173.13,False,19.96,True,True,82,0,0
2.95,192.26,15.44,15.62,4.05,10.13,48.57,87.48,316.02,False,17.83,True,True,71,1,0
138.51,96.87,103.56,4.1,5.58,4.0,11.53,41.75,217.6,False,11.25,False,True,80,1,1
178.22,56.18,262.64,25.32,10.88,20.22,36.69,33.71,289.93,False,26.38,True,True,56,0,0
9.05,213.8,106.93,4.55,21.29,10.19,44.32,69.66,459.76,False,2.51,True,True,63,0,0
217.25,17.85,222.06,15.0,7.67,19.94,31.49,60.62,110.66,False,2.69,True,False,45,1,0
73.13,173.66,151.44,4.99,19.35,27.12,33.9,47.14,278.38,False,0.14,True,True,60,0,0
112.09,168.47,27.66,5.71,13.57,23.44,20.15,72.29,269.24,False,3.83,True,True,22,1,0
106.16,82.12,123.99,7.05,6.3,3.75,15.84,42.44,212.84,True,10.68,False,False,73,1,1
47.91,32.44,60.77,12.49,11.7,2.62,42.95,77.63,404.7,False,21.51,True,True,77,1,0
227.02,217.49,212.62,20.73,9.78,0.21,35.05,78.0,137.93,False,18.99,True,True,66,0,0
204.27,225.79,199.69,12.81,3.1,7.15,13.9,57.61,162.89,False,27.37,True,True,84,1,0
165.29,233.02,287.44,19.48,28.62,26.5,43.38,57.22,125.32,False,6.0,True,True,35,1,0
161.11,68.35,166.58,6.01,2.59,3.37,19.91,40.96,223.4,True,11.48,False,False,92,1,1
189.91,198.01,173.02,0.9,6.52,29.78,46.46,54.87,197.23,False,13.61,True,True,69,1,0
155.98,74.39,167.0,5.8,5.24,3.23,10.09,37.4,212.1,True,10.56,False,False,24,1,1
155.29,255.14,41.88,5.15,8.6,16.16,28.72,60.97,243.22,False,19.5,True,False,74,0,0
297.61,294.15,172.22,6.37,23.93,1.78,3.9,12.11,163.38,False,28.43,True,True,75,1,0
107.49,93.52,131.46,7.22,4.2,4.05,14.77,31.7,214.36,True,11.06,False,False,45,0,1
187.12,217.19,279.48,9.53,0.51,21.1,21.44,1.11,378.76,False,3.87,True,True,90,1,0
139.54,120.46,151.21,7.28,5.21,2.64,16.26,39.05,212.85,True,10.94,False,False,49,1,1
256.9,79.83,279.02,26.43,9.63,10.34,23.11,39.01,276.62,False,18.83,True,True,57,1,0
110.36,75.34,141.79,9.19,3.55,4.43,18.95,55.15,224.13,True,11.63,False,False,53,0,1
113.81,35.21,142.97,15.74,12.74,28.45,21.55,80.11,317.65,False,25.38,True,True,63,0,0
169.86,136.38,171.7,7.24,2.67,4.26,15.46,58.06,226.16,True,10.28,True,False,57,0,1
24.51,5.45,76.05,28.03,27.21,0.69,25.23,79.07,158.4,False,18.87,True,True,80,1,0
157.47,118.82,134.83,7.14,2.28,4.53,17.69,30.22,224.32,True,10.61,False,False,85,1,1
93.06,219.23,252.55,19.98,11.69,21.82,42.09,88.38,341.95,False,12.55,True,True,39,1,0
235.04,83.87,152.96,17.49,6.56,1.56,16.23,66.02,171.62,False,5.5,True,True,57,1,0
174.4,21.27,98.96,20.34,11.43,18.08,46.48,45.53,185.66,False,4.78,True,True,98,0,0
160.84,122.33,109.37,4.64,2.28,4.23,17.86,43.35,216.23,True,10.48,False,True,81,0,1
30.23,57.16,155.38,25.89,1.49,17.03,26.2,89.34,179.58,True,20.25,True,True,20,0,0
151.36,10.48,296.01,12.12,19.05,19.21,1.25,77.83,322.49,False,5.53,True,True,20,0,0
85.9,208.26,224.56,4.53,25.69,27.92,13.03,82.82,400.03,False,25.97,True,True,46,1,0
245.18,4.35,283.1,10.46,10.39,5.0,7.35,2.6,209.16,False,5.48,False,True,94,1,0
42.49,141.3,264.57,26.11,12.75,11.51,0.02,24.34,457.97,False,0.4,True,True,21,0,0
103.59,64.09,135.74,9.15,3.93,4.09,13.52,40.1,214.8,True,10.82,False,False,53,0,1
144.53,42.78,197.62,6.17,6.09,24.59,15.76,59.91,361.26,False,29.47,True,False,79,1,0
148.01,65.49,123.5,7.92,5.43,2.13,12.86,35.95,218.82,True,11.09,False,False,79,1,1
270.42,247.97,6.68,29.29,27.08,6.59,9.77,40.2,116.78,False,20.37,True,True,60,0,0
234.29,283.41,291.77,16.01,0.63,18.79,10.31,45.92,204.77,False,22.4,False,True,31,1,0
178.23,215.28,212.22,29.01,22.02,6.43,37.34,12.61,158.83,False,17.71,True,True,25,1,0
147.92,133.19,118.77,9.53,4.53,2.93,14.13,59.26,218.2,True,11.6,False,False,50,0,1
163.16,64.64,149.79,7.55,4.42,4.45,13.59,59.27,220.27,True,11.31,False,False,46,0,1
155.43,127.45,134.48,5.53,5.75,2.37,17.38,51.65,220.12,True,10.03,False,False,49,1,1
292.47,17.5,75.09,12.42,15.46,26.78,23.38,73.11,263.95,False,11.6,True,True,50,0,0
20.66,94.75,31.19,29.37,1.28,4.47,38.32,37.42,279.46,False,7.63,True,True,89,1,0
102.13,74.16,141.18,7.46,3.12,4.3,13.11,39.58,216.37,True,11.46,False,False,95,1,1
159.19,135.5,122.75,9.56,3.8,2.5,15.37,56.14,219.24,True,11.16,False,False,84,1,1
115.04,19.48,58.02,25.47,9.51,7.41,48.12,2.45,417.01,False,1.18,True,True,13,0,0
113.85,255.97,254.73,24.6,5.43,22.35,23.39,62.9,171.07,False,24.02,True,True,56,1,0
141.63,22.53,70.72,15.76,26.08,2.07,21.48,66.54,177.45,False,11.47,True,True,56,0,0
114.64,122.45,145.38,6.2,4.17,2.11,18.71,41.85,218.17,True,11.44,False,False,46,1,1
121.87,245.83,222.63,13.23,1.03,9.87,7.25,43.57,393.85,False,6.32,True,True,21,1,0
88.11,53.66,110.43,9.52,14.11,27.78,23.0,28.1,249.45,False,26.7,True,True,97,1,0
117.79,62.28,137.03,5.05,3.09,2.9,10.62,36.84,228.99,True,10.36,False,False,46,1,1
280.28,11.87,94.47,14.94,20.12,17.89,18.82,75.25,394.6,False,14.9,True,True,69,1,0
7.49,87.86,44.73,0.73,22.15,16.28,28.56,75.48,291.51,False,0.44,True,True,61,0,0
143.55,122.65,177.83,4.67,2.5,3.07,16.9,39.25,222.54,True,10.13,False,False,14,0,1
86.59,111.21,201.57,23.03,29.63,26.47,10.07,56.96,235.96,False,3.88,True,True,61,0,0
167.75,109.53,120.45,9.57,4.66,4.21,11.61,50.99,214.93,False,10.4,False,False,24,1,1
141.28,100.11,152.06,5.09,3.77,2.03,14.45,46.13,218.68,True,10.75,False,False,39,0,1
147.91,79.08,165.31,9.4,4.67,3.83,14.87,50.16,225.65,False,10.22,False,False,20,0,1
137.07,128.3,156.46,7.96,2.2,2.53,14.41,45.37,214.32,True,11.92,False,False,28,0,1
82.12,283.26,21.73,2.24,12.06,20.7,42.04,19.98,143.24,False,22.94,True,True,36,0,0
101.31,96.99,155.17,7.34,5.94,2.56,12.38,33.07,214.17,True,11.42,False,False,23,1,1
228.37,19.21,28.61,3.09,27.62,25.84,11.85,20.21,155.41,False,26.71,True,True,79,1,0
278.69,219.95,90.86,14.27,21.31,18.32,20.78,75.28,401.17,False,5.55,True,True,64,1,0
134.82,94.92,177.15,8.87,2.83,2.12,13.19,35.83,212.27,True,10.74,False,False,42,1,1
275.01,242.22,284.61,19.3,16.28,10.55,33.21,73.53,273.4,False,18.73,True,False,83,0,0
117.54,133.07,171.3,7.92,4.79,3.08,11.76,31.58,224.39,True,10.69,False,False,98,0,1
81.75,126.49,22.08,23.29,11.96,12.19,3.15,18.59,398.99,False,11.19,True,True,84,0,0
150.91,70.82,100.55,8.03,2.02,4.91,18.65,59.78,210.94,True,11.52,False,False,98,0,1
167.86,136.52,114.19,9.69,2.11,3.86,14.14,40.59,220.26,True,11.85,False,True,64,1,1
178.28,139.53,221.8,17.13,4.59,23.71,24.28,20.45,348.04,False,16.48,True,False,82,0,1
90.64,109.56,205.0,25.47,7.29,7.07,7.92,20.92,122.14,False,24.66,True,True,12,0,0
140.3,73.39,180.0,5.63,4.38,4.82,12.36,45.05,226.01,True,11.38,False,False,86,0,1
158.35,90.86,128.54,6.1,3.46,2.44,11.58,33.55,227.54,False,10.41,False,False,25,1,1
82.41,235.8,64.23,11.31,14.93,12.55,34.08,45.09,329.36,False,5.13,True,True,49,1,0
137.69,134.51,174.15,6.29,6.21,3.72,10.99,44.18,228.2,True,11.18,False,False,19,0,1
211.58,290.16,21.4,26.2,24.93,25.18,30.6,14.7,402.96,False,28.82,True,True,85,1,0
222.76,44.65,59.4,19.07,22.6,12.78,35.36,12.51,258.03,False,7.1,True,True,41,1,0
106.33,33.85,142.87,7.34,6.16,2.99,48.97,22.11,477.18,False,24.85,True,True,51,1,0
105.59,113.18,129.29,5.72,3.9,4.79,10.2,54.4,223.07,True,11.93,False,False,30,0,1
197.3,138.7,145.23,19.18,24.54,22.4,12.0,47.4,305.64,False,17.67,True,True,78,0,0
121.68,77.3,135.89,6.5,2.39,4.82,13.72,41.42,225.17,True,11.5,False,False,66,0,1
145.88,60.66,299.08,21.3,25.84,8.28,7.87,66.76,303.46,False,24.22,True,True,27,0,0
244.35,73.54,16.84,9.13,0.51,21.86,21.88,89.4,178.21,False,25.99,True,True,67,1,0
127.46,88.97,151.57,9.29,5.29,2.66,19.81,56.52,219.81,True,10.09,False,False,91,0,1
127.46,86.82,109.06,6.78,3.54,2.2,10.35,40.32,212.71,True,11.2,False,False,89,1,1
22.14,267.74,9.48,11.87,29.6,11.32,43.61,72.02,456.15,False,12.26,True,True,48,0,0
77.38,290.73,159.32,1.17,26.34,16.38,0.62,63.79,181.93,False,10.31,False,True,64,0,0
155.29,47.28,261.23,26.67,10.65,0.35,46.93,73.63,325.46,False,2.09,True,True,65,0,0
231.54,61.45,292.57,16.32,15.2,17.96,12.7,8.46,193.88,False,28.17,True,False,19,0,0
58.98,65.24,27.65,12.99,5.92,26.23,2.79,62.56,486.72,False,15.85,True,True,79,0,0
161.19,85.72,154.26,7.37,29.91,2.65,29.7,16.5,396.81,False,8.58,True,True,63,1,0
181.8,47.24,276.62,21.67,10.92,18.97,20.65,54.04,368.74,False,2.31,True,True,50,0,0
180.6,12.04,110.16,8.55,1.0,18.0,33.15,62.22,350.2,True,29.25,True,True,25,0,0
58.48,11.08,151.35,4.16,5.27,16.69,41.97,87.35,392.29,False,0.3,True,True,12,0,0
121.15,90.31,120.26,5.92,6.8,4.69,13.45,52.58,228.95,True,10.18,False,False,24,1,1
8.98,24.21,4.58,8.96,11.12,4.18,25.06,14.35,427.31,False,23.55,True,True,54,1,0
159.39,106.57,176.37,6.24,2.42,2.45,13.2,45.0,229.73,True,10.44,False,True,16,1,1
163.41,81.68,170.32,6.92,3.64,7.07,48.76,61.54,125.14,False,14.43,True,True,74,0,0
283.03,287.82,222.25,17.55,24.84,24.7,36.06,76.3,138.14,False,5.36,True,True,57,0,0
125.07,193.29,157.9,24.61,17.29,24.8,29.48,63.26,167.61,False,0.92,False,False,86,1,0
161.28,147.45,37.67,11.67,1.95,2.61,30.64,45.96,447.08,True,9.67,True,True,76,1,0
168.06,78.64,179.83,7.15,4.19,2.2,10.2,34.36,217.27,True,11.94,False,False,38,1,1
161.31,290.25,8.28,4.92,17.85,0.18,35.33,4.81,380.62,False,16.24,True,True,26,0,0
156.73,175.58,87.92,6.26,6.24,26.4,18.56,77.56,381.92,False,20.59,True,True,30,1,0
147.67,68.25,195.33,25.75,26.69,16.57,6.93,4.15,245.91,False,26.28,False,True,22,0,0
119.53,256.6,16.39,4.5,14.71,6.08,27.93,30.76,185.48,False,7.4,True,False,23,1,0
40.96,259.92,19.52,20.82,9.35,6.36,14.08,56.23,189.84,False,13.39,True,True,23,1,0
284.63,282.99,61.95,6.99,27.78,6.42,0.36,11.69,387.77,False,10.76,True,True,75,1,0
283.11,60.58,197.04,18.45,2.52,15.56,36.39,70.43,337.4,False,3.16,True,True,25,1,1
83.03,21.24,114.72,26.42,9.97,1.42,44.99,76.85,461.46,False,14.06,True,True,25,1,0
256.57,279.82,94.29,12.56,28.69,6.93,4.66,67.17,314.91,False,7.61,True,True,85,1,0
183.54,247.09,121.75,1.97,14.37,17.32,30.08,66.55,277.07,False,26.14,True,True,75,0,0
172.43,49.41,36.86,20.51,0.54,22.4,30.22,54.67,187.67,False,29.07,True,True,23,0,0
272.49,3.9,34.19,12.6,12.4,20.35,41.66,85.05,334.49,False,2.83,True,True,23,1,0
242.16,103.29,7.68,23.83,20.53,20.12,10.75,52.77,273.08,False,7.79,True,False,82,1,0
239.57,182.53,114.76,18.14,14.71,10.27,19.71,46.67,394.66,False,0.2,True,False,30,0,0
148.15,75.94,126.23,8.24,4.92,3.41,15.74,32.3,227.85,False,10.12,False,False,16,0,1
264.27,130.35,22.72,26.24,15.81,4.39,3.68,74.87,438.7,False,2.63,True,True,31,0,0
122.07,120.57,139.26,7.65,2.92,4.45,16.04,30.36,223.31,False,10.51,False,False,51,1,1
136.2,87.34,105.33,5.05,5.2,3.31,17.77,48.7,227.3,True,11.47,False,False,82,0,1
101.87,85.51,104.34,7.33,18.51,21.05,15.24,64.89,106.61,False,5.05,True,True,93,1,0
48.36,138.25,198.96,9.46,1.57,27.14,44.17,50.02,145.6,False,24.75,False,True,96,0,0
205.76,272.39,173.08,28.97,8.7,20.98,14.75,73.03,234.02,False,18.91,False,True,40,1,0
129.41,72.41,138.18,7.95,3.19,3.99,14.72,42.84,226.27,True,10.49,False,False,61,1,1
155.46,242.62,194.83,3.86,27.17,7.62,4.87,21.41,126.91,False,29.65,False,True,84,1,0
109.76,113.77,106.98,4.18,6.8,4.54,17.9,40.88,224.62,True,10.46,False,False,75,0,1
169.69,99.31,131.1,7.18,2.74,2.1,17.16,52.42,218.75,True,11.46,False,False,38,1,1
86.2,166.39,198.87,5.74,27.02,28.35,1.28,54.49,473.55,False,11.89,True,True,80,0,0
109.39,69.34,113.51,6.74,3.4,2.19,18.85,39.03,212.63,True,11.61,False,False,22,0,1
214.24,46.74,125.69,17.6,1.5,7.38,5.6,44.91,253.08,False,25.01,True,True,56,1,0
140.65,158.11,278.21,1.2,11.5,20.7,39.41,69.39,467.59,False,4.37,True,True,58,1,0
272.45,0.32,280.54,24.48,14.26,20.91,44.03,66.19,185.24,False,21.25,True,True,24,0,0
101.53,114.03,102.46,6.27,6.89,4.76,10.57,30.72,226.22,True,10.58,False,False,84,1,1
187.18,133.64,13.02,8.5,20.86,1.89,41.12,20.42,479.42,False,4.57,True,True,40,0,0
163.24,155.23,170.41,20.09,17.31,7.46,8.11,22.09,292.5,False,18.37,True,True,96,0,0
149.18,30.05,147.9,14.64,9.33,4.36,48.3,63.31,447.97,False,8.29,True,True,29,1,0
116.05,32.53,296.33,20.31,1.7,21.88,46.51,1.07,149.71,False,10.41,True,True,77,1,0
152.63,49.27,156.68,1.37,10.48,24.18,49.82,16.38,276.23,False,7.96,True,True,72,0,0
216.33,297.92,294.58,16.16,16.94,19.55,4.39,57.72,118.77,False,19.21,True,True,57,1,0
170.9,59.63,100.84,18.51,29.53,1.05,31.85,75.57,101.03,False,1.3,True,True,69,0,0
133.36,173.65,222.65,4.68,3.25,14.26,42.46,70.72,182.61,False,21.31,True,True,54,1,0
139.62,90.64,297.18,10.09,27.14,4.92,4.5,52.43,428.13,True,22.13,False,True,75,1,0
200.3,101.18,169.71,21.13,5.83,5.93,30.12,48.21,176.91,False,3.63,False,True,57,1,0
204.05,166.35,130.71,6.3,11.19,16.45,46.66,57.01,302.42,False,1.24,True,False,100,1,0
153.62,92.79,111.7,5.74,4.46,4.41,13.06,31.41,224.32,True,11.16,False,False,75,0,1
125.07,66.27,164.4,8.35,4.15,3.59,19.62,31.3,210.9,True,10.21,False,False,16,1,1
104.44,117.66,155.76,7.75,5.51,4.26,10.85,35.65,229.56,True,10.65,False,False,95,0,1
152.98,287.36,191.48,27.51,14.31,12.07,39.21,20.4,293.16,False,25.87,True,True,57,1,0
16.84,157.66,255.46,4.71,29.45,21.17,29.98,13.79,467.99,False,21.74,True,True,45,0,0
132.33,140.33,236.22,12.26,26.29,27.66,44.71,11.09,362.39,False,21.82,False,True,98,1,0
37.67,29.87,294.78,4.19,17.18,1.41,1.44,2.42,217.38,False,10.94,True,True,13,0,0
162.22,82.69,100.61,8.58,6.01,4.81,10.96,46.83,223.27,True,11.18,False,False,20,0,1
125.04,100.22,108.8,4.96,5.23,2.4,12.66,52.1,219.59,False,11.13,False,False,55,0,1
2.54,290.69,116.51,18.4,22.5,17.37,21.48,39.38,493.48,False,24.67,True,True,83,0,0
290.8,252.01,82.75,3.03,14.8,9.25,44.43,45.46,300.13,False,22.06,True,True,52,1,0
162.49,163.85,272.85,9.18,5.84,8.36,46.46,66.47,352.9,False,19.98,True,True,65,1,0
65.14,23.01,300.0,11.15,23.53,13.15,41.27,61.19,276.32,False,28.55,True,True,59,0,0
53.21,207.04,12.9,10.6,20.76,2.09,6.21,38.36,466.48,False,1.96,True,True,89,1,0
67.39,223.85,57.58,9.22,21.36,17.36,43.86,87.71,277.12,False,26.36,True,True,52,0,0
141.44,85.21,110.15,6.11,4.49,2.66,12.01,49.98,212.2,True,11.56,True,False,68,0,1
216.64,245.79,28.56,13.18,9.53,4.6,3.65,65.78,330.59,False,14.21,True,True,97,0,0
107.49,242.9,184.96,16.3,18.71,27.59,1.78,53.97,361.1,False,3.13,True,True,23,0,0
25.37,50.31,112.27,27.35,25.64,11.99,27.07,13.94,421.92,False,11.19,True,False,35,1,0
210.65,33.76,151.48,25.35,25.21,5.11,12.49,61.99,215.07,False,5.15,True,True,82,0,0
135.22,130.2,116.38,5.1,3.21,2.33,14.35,36.63,224.4,True,10.61,False,False,43,1,1
136.07,128.13,168.19,5.23,2.27,2.96,19.93,55.53,228.93,True,11.05,False,False,91,1,1
172.02,128.21,151.56,5.1,5.05,4.7,15.48,51.13,228.46,False,10.9,False,False,59,1,1
95.63,200.58,294.58,27.32,5.73,12.68,21.1,18.77,105.19,False,7.77,True,True,13,1,0
124.84,134.43,165.21,5.6,5.68,4.44,14.72,49.25,216.48,True,11.97,False,False,27,0,1
187.66,177.13,66.82,5.75,2.75,9.72,18.18,33.28,150.7,False,5.71,False,True,88,0,0
125.24,78.87,165.04,7.73,4.78,2.92,11.75,55.8,217.93,True,11.17,False,False,81,0,1
205.07,129.37,39.67,19.43,4.76,0.95,2.61,76.49,419.56,False,3.53,False,True,90,0,0
143.54,113.69,175.83,8.25,6.78,4.89,18.22,53.57,227.12,True,10.93,False,True,18,0,1
159.13,154.31,93.55,28.89,22.86,26.47,16.66,17.43,399.39,False,29.03,True,True,72,0,0
127.36,274.75,116.2,0.8,13.97,5.53,46.99,20.51,185.41,False,26.61,True,True,81,0,0
134.74,129.39,141.01,8.91,3.98,3.73,19.86,33.95,220.47,True,10.78,False,False,29,0,1
288.39,153.23,3.86,18.3,22.8,18.99,40.62,41.63,151.13,True,22.22,True,True,59,1,0
103.33,75.12,175.24,4.38,5.27,2.83,20.0,55.95,226.75,True,11.8,False,False,17,0,1
89.89,264.13,171.87,7.93,12.38,13.87,8.62,86.64,443.83,True,10.86,True,True,95,0,0
131.53,71.32,123.82,5.64,6.67,2.46,18.66,32.57,213.19,True,11.82,False,False,53,1,1
207.21,24.51,261.69,6.25,27.39,15.07,49.06,82.02,185.71,False,0.8,True,True,79,1,0
17.34,156.9,295.99,20.45,10.91,21.3,27.31,34.75,365.5,False,14.29,True,True,78,0,0
95.2,192.41,62.93,21.5,21.43,17.76,6.67,1.03,346.79,False,0.36,True,True,66,1,0
240.21,157.71,236.38,9.66,2.34,14.1,30.93,51.23,100.6,True,3.52,True,False,21,1,0
192.63,133.03,245.62,15.34,13.66,0.17,33.35,21.16,167.09,True,23.51,True,True,54,0,0
130.0,88.99,146.37,6.08,6.65,4.99,10.68,55.63,227.62,True,11.65,False,False,26,1,1
223.76,132.41,217.87,0.42,11.51,13.17,5.31,71.6,426.8,False,20.09,True,True,33,0,0
59.61,283.91,264.79,18.25,21.55,26.88,8.68,36.08,441.75,False,4.92,True,True,79,1,0
145.87,216.83,274.92,19.6,1.76,1.89,36.49,27.85,243.85,False,7.13,True,True,58,1,0
286.21,104.84,154.74,20.43,25.37,13.55,30.8,72.03,417.83,False,29.5,True,True,46,0,0
22.71,27.24,10.91,3.84,22.3,29.71,2.99,16.61,359.25,False,13.93,True,True,68,1,0
296.98,251.84,43.45,12.01,6.96,23.94,18.21,40.63,115.7,False,1.56,True,True,77,0,0
134.39,139.37,168.56,7.95,3.3,3.52,18.95,44.73,211.88,True,11.51,False,False,48,1,1
170.32,253.79,97.11,23.42,23.1,15.05,12.26,70.64,144.12,False,4.99,True,False,47,1,0
71.99,178.15,99.55,19.25,4.45,13.38,1.41,85.51,269.62,False,14.54,True,True,59,0,0
215.32,216.59,21.0,5.7,9.49,12.45,16.39,78.19,496.2,True,21.04,False,True,84,1,0
234.48,16.37,74.94,11.83,15.27,18.17,1.92,69.98,264.63,False,0.54,True,True,73,1,0
284.55,70.94,289.48,15.58,6.0,28.2,34.45,42.44,435.33,False,23.76,True,False,77,1,0
15.55,24.79,95.18,10.56,6.23,18.7,46.82,67.68,158.0,False,11.52,True,True,44,0,0
212.51,171.48,30.27,18.84,15.31,28.35,14.25,79.07,472.93,True,28.23,True,True,51,1,0
212.09,225.0,175.33,16.34,23.21,17.39,43.55,32.16,361.38,False,19.37,True,True,89,1,0
241.8,80.89,16.31,11.64,21.3,29.51,4.36,80.25,228.48,False,29.15,True,True,54,1,0
171.22,225.68,41.66,25.0,12.98,17.46,8.84,79.75,352.1,False,12.19,True,False,29,1,0
104.31,168.59,280.57,19.76,18.98,14.57,23.89,49.68,107.05,False,5.81,True,True,95,1,0
160.67,84.35,111.31,6.9,4.14,2.8,10.69,43.49,226.74,True,10.53,True,True,44,1,1
174.15,196.37,298.79,6.45,29.16,0.27,11.56,11.44,387.55,False,26.84,True,True,93,0,0
3.14,50.27,101.9,22.9,16.61,4.54,48.42,39.21,129.83,False,8.92,True,True,96,0,0
168.42,92.56,125.1,7.85,5.65,3.1,19.85,32.29,215.95,False,10.15,False,False,46,1,1
132.18,76.18,148.1,7.22,4.09,2.37,12.33,53.29,227.85,True,11.09,False,False,66,1,1
67.83,225.51,171.89,19.16,20.18,4.26,30.92,5.59,122.08,False,7.45,True,True,16,0,0
142.85,212.32,85.38,3.38,15.19,25.42,23.75,2.52,213.66,False,11.24,False,True,79,1,0
164.4,136.14,266.89,15.17,26.8,14.81,33.38,42.92,304.43,False,11.53,True,True,13,1,0
94.18,3.8,224.78,14.69,3.21,8.79,40.2,16.66,177.69,True,29.11,False,True,27,1,0
298.65,116.51,243.38,3.69,29.94,4.01,49.05,42.07,458.62,False,14.6,True,True,44,1,0
206.62,264.58,203.38,23.18,18.84,16.69,44.17,47.29,414.27,False,1.41,True,True,58,1,0
260.43,172.53,111.06,0.16,12.2,11.94,17.36,65.4,251.09,True,23.11,True,True,56,1,0
35.41,226.11,72.36,15.95,13.28,10.33,35.18,39.95,151.22,False,16.67,False,True,25,1,0
143.14,139.96,139.71,4.5,2.15,4.16,13.68,36.67,213.21,True,11.97,False,True,55,0,1
151.07,194.75,294.74,15.39,8.67,20.73,33.3,66.38,107.51,False,1.93,True,True,23,1,0
167.67,286.02,242.14,26.17,23.48,21.53,16.3,22.04,346.18,False,24.48,True,True,61,1,0
277.08,68.97,93.36,15.03,24.84,6.57,25.69,58.61,487.59,False,13.14,True,True,64,0,0
162.34,72.43,113.28,9.21,4.53,4.25,12.76,43.76,218.62,True,11.53,False,False,61,0,1
39.9,81.23,282.73,5.01,22.6,16.35,49.87,14.09,101.54,False,15.93,True,True,52,0,0
117.89,154.24,123.82,14.13,19.21,9.84,38.99,31.23,404.21,False,6.07,True,False,71,0,0
128.23,61.38,176.3,8.43,3.44,3.14,11.26,32.59,225.18,True,11.51,True,False,21,1,1
167.72,111.96,148.2,6.92,4.28,3.05,15.74,52.11,221.72,True,11.33,False,False,55,1,1
121.03,127.95,52.09,13.28,9.33,8.06,5.78,55.94,333.57,False,10.44,True,True,59,1,0
90.64,48.79,205.51,26.41,13.88,15.45,41.05,38.01,162.2,False,27.02,True,True,98,1,0
224.25,79.87,146.5,29.54,16.91,14.56,42.75,44.98,329.47,False,15.36,False,True,74,0,0
231.68,244.97,18.51,13.55,9.47,2.08,37.44,7.15,223.07,False,5.7,True,True,36,0,0
139.66,189.0,28.62,7.72,21.39,28.79,48.9,15.28,217.84,True,12.57,True,True,38,1,0
16.56,258.84,60.35,7.87,15.18,11.21,1.6,8.06,433.56,True,19.33,True,True,54,0,0
159.35,222.63,2.71,20.16,4.08,22.2,27.2,41.0,123.07,False,13.37,True,True,42,1,0
261.87,204.98,228.11,26.82,29.98,24.23,25.9,79.47,159.15,False,2.09,True,True,57,1,0
106.22,244.39,226.35,5.73,4.25,24.39,46.63,67.72,339.69,False,29.4,True,True,83,0,0
118.37,125.74,116.71,4.06,6.71,3.66,17.22,46.59,216.06,False,10.11,False,False,100,0,1
179.74,69.12,162.88,6.68,6.37,2.04,16.79,36.9,219.47,True,10.79,True,False,76,1,1
138.97,77.07,143.34,8.79,2.31,2.27,13.1,36.1,216.87,True,10.74,False,True,37,1,1
196.34,240.22,271.2,19.13,17.53,12.6,31.98,46.74,147.69,False,3.67,True,True,43,0,0
212.98,4.5,91.9,22.59,1.23,0.17,7.96,19.99,118.97,False,7.04,True,True,54,1,0
175.72,210.9,232.47,28.45,23.79,25.68,6.28,20.11,223.9,False,27.57,True,True,85,0,0
115.08,174.7,253.12,27.82,0.96,20.24,35.24,30.67,258.56,False,6.88,True,True,79,1,0
170.44,69.35,115.68,8.08,3.14,2.36,14.22,39.77,216.92,True,10.72,False,False,99,1,1
74.75,66.17,20.44,0.34,25.44,8.29,30.25,79.11,361.01,False,27.23,True,True,71,0,0
236.34,70.38,129.02,20.9,19.91,10.92,3.3,36.33,198.99,False,16.8,True,True,76,1,0
124.84,106.19,154.92,8.1,6.14,4.75,10.49,43.21,213.58,True,10.08,False,False,61,0,1
273.77,73.76,141.2,28.55,8.12,27.42,28.26,40.69,278.06,False,9.64,True,False,83,0,0
278.56,274.24,297.04,14.39,2.96,20.32,15.48,16.62,181.08,False,26.45,True,True,62,1,0
165.65,211.07,53.27,19.41,19.86,2.27,29.24,5.18,293.3,False,5.4,True,True,58,0,1
264.3,167.58,70.92,1.65,14.14,2.05,22.29,50.75,299.46,False,0.35,True,True,92,1,0
137.95,88.89,143.63,2.9,27.56,3.82,38.03,84.77,206.31,False,20.51,True,True,100,0,0
178.36,68.14,152.64,5.74,5.08,4.91,13.54,32.89,226.63,True,11.73,False,False,57,1,1
154.45,141.77,210.13,15.32,12.09,20.58,36.52,9.9,318.18,False,4.4,True,False,28,1,0
197.42,138.3,234.12,3.29,1.71,9.23,20.39,14.01,114.88,True,21.5,True,True,64,1,0
58.26,137.14,163.59,2.39,6.57,3.47,30.0,68.47,305.77,False,16.53,True,True,75,0,1
191.83,117.78,45.25,19.11,12.07,26.18,40.84,63.92,377.18,False,4.27,True,True,51,1,0
5.99,190.57,245.99,8.35,4.07,12.82,32.08,22.52,120.17,False,13.87,True,True,28,1,0
288.2,253.06,197.35,15.79,12.57,1.72,23.81,25.43,260.64,False,16.22,True,True,79,0,0
76.29,28.37,104.09,11.37,0.51,27.08,24.45,53.15,313.63,True,2.19,True,True,96,0,0
260.74,194.25,81.94,25.7,4.29,12.24,33.12,33.14,318.63,False,20.21,True,True,68,1,0
260.83,236.02,256.05,13.59,16.35,3.25,38.05,31.83,145.59,False,11.86,True,True,38,1,0
153.13,64.02,150.38,6.41,2.52,4.72,16.17,41.07,229.18,True,11.29,False,True,29,1,1
168.19,224.17,119.29,12.5,4.98,14.11,22.2,59.15,463.81,False,17.36,True,True,91,0,0
130.54,245.04,119.11,14.12,4.36,29.91,25.73,77.07,305.58,False,17.57,False,True,91,1,0
91.24,249.58,57.49,20.42,22.03,3.39,32.57,17.77,297.57,True,29.26,True,True,71,0,0
128.3,163.73,43.28,23.32,10.45,5.22,37.75,39.77,479.4,False,5.91,False,True,83,0,0
109.15,113.28,110.31,4.63,6.25,3.97,17.48,58.21,229.6,True,11.77,False,False,79,1,1
43.27,201.75,99.44,29.48,26.57,24.52,4.84,63.68,101.74,True,15.48,True,True,93,1,0
72.39,38.07,252.51,15.84,2.44,10.79,4.8,28.96,115.7,False,3.55,True,True,65,1,0
154.68,83.78,112.99,7.3,2.71,4.84,12.3,59.76,213.83,True,10.94,False,False,93,0,1
144.43,64.3,175.53,7.17,6.33,2.81,16.41,50.1,214.66,True,11.27,False,True,62,0,1
122.29,47.86,268.09,20.91,24.25,27.73,32.49,60.33,415.48,False,25.59,True,True,67,0,0
212.32,4.18,222.99,23.3,21.66,24.89,13.01,89.54,408.98,False,7.84,False,True,69,1,0
26.08,116.67,120.23,23.37,26.64,4.4,34.17,15.24,404.78,False,11.88,False,False,17,1,0
140.5,251.52,16.5,24.42,12.58,15.9,34.47,40.5,390.43,False,4.5,True,True,61,0,0
137.82,100.07,175.11,7.47,4.38,3.79,14.67,33.23,210.63,True,11.32,False,False,22,1,1
258.14,280.13,81.69,1.73,15.16,28.3,34.19,88.41,496.99,False,23.13,True,True,32,0,0
17.35,202.49,146.01,24.67,1.07,13.48,48.67,35.67,410.43,False,5.81,True,True,86,1,0
250.28,149.03,126.99,16.32,6.89,3.33,0.63,23.36,252.15,False,9.13,True,True,58,1,0
154.6,96.68,101.13,4.65,3.56,4.24,15.67,58.71,214.78,True,11.15,False,False,13,1,1
174.19,171.19,15.06,22.56,7.23,9.79,6.02,47.19,474.39,False,28.19,True,True,40,0,0
120.72,67.75,121.37,5.74,4.55,3.44,18.75,59.26,220.71,True,10.29,True,False,26,1,1
172.17,203.06,145.2,25.98,27.03,19.71,15.94,42.83,117.39,False,6.64,True,True,62,0,0
1.56,125.03,26.74,26.91,24.09,20.81,29.54,59.72,296.57,True,3.0,True,True,52,0,0
39.07,220.08,23.61,10.73,0.18,28.03,41.0,18.58,181.33,False,17.3,True,True,46,0,0
102.43,15.43,284.05,13.88,26.19,20.94,6.48,0.62,309.01,True,8.36,True,True,15,0,0
146.79,130.89,115.68,4.31,6.1,2.51,11.3,53.36,229.64,True,10.97,True,False,61,0,1
53.03,20.5,259.51,0.68,14.3,18.31,33.65,35.7,299.12,False,18.69,True,True,41,1,0
262.16,94.3,95.96,7.56,14.79,0.37,32.47,41.57,133.3,False,21.52,True,True,92,0,0
267.71,228.28,259.22,20.42,20.77,15.56,30.24,37.89,429.94,False,11.29,True,True,86,1,0
1.97,104.27,220.95,19.21,7.26,15.18,48.13,70.33,303.81,False,5.94,True,True,23,0,0
191.26,44.27,78.35,14.66,23.33,7.57,9.73,55.55,225.08,False,22.57,True,True,66,1,0
149.38,290.89,191.39,24.15,0.3,29.08,33.29,78.43,150.06,False,24.77,False,True,89,1,0
102.99,75.23,150.76,9.22,4.57,3.5,18.63,54.6,228.97,True,11.37,False,False,97,0,1
121.23,83.12,133.39,7.9,5.76,4.03,17.94,48.11,219.12,True,10.22,False,False,51,1,1
142.72,123.69,108.47,7.77,4.82,3.29,12.39,40.69,228.33,True,11.37,True,False,53,0,1
16.78,15.25,34.86,27.7,19.21,15.64,18.47,21.98,413.97,False,25.0,True,True,46,1,0
68.09,74.76,197.34,21.07,8.95,28.51,33.01,49.26,317.39,False,21.27,True,True,53,1,0
151.84,116.59,148.42,4.78,5.67,3.94,17.73,51.51,216.49,True,11.17,False,False,78,0,1
100.3,147.1,269.39,24.76,14.96,7.94,35.48,72.4,236.76,False,17.15,True,False,83,1,0
19.8,208.72,111.77,7.05,21.78,5.72,6.3,54.21,236.63,False,14.93,True,True,87,1,0
209.16,258.44,211.19,0.32,19.2,1.91,3.99,28.08,171.49,False,0.42,True,True,92,0,0
158.72,229.3,161.88,29.18,25.82,21.21,7.94,44.64,224.85,False,29.75,True,True,89,1,0
261.93,99.59,251.64,17.99,8.01,1.96,42.48,79.98,198.47,False,2.94,True,True,38,1,0
164.1,64.18,112.44,7.85,6.08,2.48,15.86,59.95,210.37,True,10.59,False,False,41,0,1
87.88,232.83,91.59,14.98,15.58,21.52,39.2,2.25,147.28,False,18.51,True,True,85,1,0
90.09,102.66,45.6,0.23,19.33,0.84,0.01,57.45,289.05,False,22.04,True,True,13,1,0
270.34,169.85,63.03,25.07,23.91,5.13,24.46,37.28,198.72,False,18.04,True,True,89,1,0
69.04,46.73,133.33,16.44,10.37,6.09,3.04,30.5,372.9,False,5.58,True,False,12,1,0
165.12,69.49,190.27,0.03,28.52,10.49,47.09,69.6,126.74,False,11.36,False,True,79,0,0
135.8,154.31,268.06,23.31,28.7,10.45,13.08,10.6,388.74,False,18.15,True,True,51,0,0
113.34,67.32,82.49,1.49,2.0,5.35,19.86,47.26,240.57,False,14.57,True,True,87,0,0
38.83,3.07,233.7,17.27,28.2,4.93,11.64,40.34,435.96,True,26.73,True,False,25,0,0
285.54,181.93,200.56,0.81,20.9,7.13,42.26,57.09,220.72,False,14.56,True,True,85,1,0
283.88,165.53,117.12,16.02,11.71,5.7,6.41,34.04,100.15,False,16.69,True,True,23,1,0
135.21,69.84,102.75,4.04,4.14,4.3,11.28,50.99,218.86,True,11.46,False,False,21,1,1
288.29,125.37,262.23,20.18,7.43,6.39,14.13,58.53,320.94,False,15.56,True,True,73,0,0
136.01,130.41,120.63,4.76,4.47,3.36,12.07,42.53,225.32,True,10.44,False,False,40,0,1
185.75,201.68,151.6,6.69,21.1,0.78,38.9,74.26,319.52,False,29.01,True,True,48,0,0
137.3,259.22,85.68,3.21,16.23,0.89,41.79,2.84,234.83,False,14.39,True,True,81,0,0
106.24,84.97,153.09,19.17,12.81,12.52,12.58,38.06,378.87,False,4.33,False,True,43,0,0
102.46,280.01,36.09,0.26,2.84,20.4,45.92,42.71,164.36,True,16.76,True,True,35,0,0
266.41,74.86,299.61,10.44,8.74,28.39,3.82,31.12,345.12,False,3.26,True,True,57,1,0
189.38,56.7,259.42,1.12,11.18,4.51,40.65,37.51,479.71,False,19.95,True,True,91,0,0
270.54,38.5,28.87,4.47,20.18,19.44,37.22,84.13,343.72,False,6.81,True,True,78,0,0
225.54,185.56,158.37,26.26,2.63,27.53,47.01,67.08,127.57,False,10.86,True,True,78,0,0
201.56,257.68,245.58,18.63,25.78,27.55,17.85,33.14,364.8,False,16.08,True,True,64,1,0
89.5,127.53,61.12,1.46,28.25,29.82,1.58,61.77,148.74,False,6.77,True,True,33,1,0
40.67,137.94,119.09,13.04,1.0,26.95,19.25,72.87,362.74,False,27.34,True,True,97,0,0
14.71,54.15,130.78,2.26,9.23,26.33,1.22,47.15,410.7,True,3.8,False,True,71,0,0
172.33,148.19,294.7,5.52,29.73,1.69,29.43,6.67,493.24,False,26.37,True,True,33,0,0
30.68,133.11,25.76,8.49,9.5,27.97,23.72,48.24,400.83,False,17.35,True,True,26,0,0
114.05,87.0,178.46,7.08,5.39,4.56,18.76,44.2,215.09,True,11.26,False,False,18,0,1
136.58,122.61,145.24,9.86,6.86,4.68,18.57,53.98,213.12,True,10.35,False,False,43,0,1
189.12,221.13,58.5,19.05,16.56,12.53,22.84,77.94,428.16,False,5.35,True,True,67,0,0
281.37,182.93,267.64,14.49,3.05,23.85,9.03,45.9,343.95,False,12.78,True,True,69,0,0
69.69,113.16,141.55,25.72,26.81,16.82,23.69,58.34,175.09,True,14.39,True,True,96,1,0
125.74,79.7,86.22,6.43,16.93,25.69,38.02,45.34,181.85,False,0.21,True,True,85,1,0
281.16,290.41,260.14,8.21,23.93,25.91,24.11,83.86,470.88,False,6.61,True,True,80,0,0
177.76,82.0,105.81,9.98,5.1,4.31,14.77,55.92,216.39,True,10.64,False,False,13,0,1
252.25,9.05,29.44,13.82,25.39,15.33,39.84,82.7,293.71,True,28.56,True,True,80,1,0
136.04,113.07,99.91,1.32,11.43,10.19,7.98,5.08,166.8,False,19.5,True,True,49,1,0
109.64,139.76,123.76,8.97,4.23,4.52,11.61,47.65,212.61,True,10.31,False,False,34,1,1
94.78,46.46,235.69,10.12,1.23,7.37,6.46,15.9,335.61,False,2.42,True,True,67,1,0
163.59,64.44,102.5,9.66,4.58,3.67,16.77,57.96,210.8,True,11.0,False,False,77,0,1
151.85,119.28,104.25,9.72,3.7,3.15,13.33,53.25,210.15,False,11.12,False,False,87,1,1
28.05,8.05,217.3,23.45,10.9,2.73,18.65,61.98,151.52,False,25.71,True,True,19,0,0
138.43,121.92,103.79,5.15,2.45,4.69,13.76,59.74,222.43,True,10.12,True,False,94,0,1
215.15,170.75,82.89,8.69,29.18,13.28,44.1,16.47,292.73,False,28.34,True,True,25,1,0
14.12,149.9,231.54,19.2,23.06,2.25,24.51,11.63,286.73,False,7.14,True,True,49,0,0
148.36,9.65,94.28,9.58,19.8,29.04,49.53,3.43,150.0,False,11.71,True,True,50,1,0
131.87,162.64,139.26,10.11,5.29,1.07,40.82,88.58,151.54,True,25.53,True,True,58,1,0
15.03,197.97,241.13,23.84,8.57,7.6,2.13,33.92,343.5,False,26.48,True,True,37,0,0
209.29,222.5,80.54,7.85,29.5,29.14,33.86,42.07,434.71,False,25.77,True,True,97,1,0
67.23,203.99,177.67,3.71,13.93,24.11,48.07,78.38,399.36,False,18.21,False,True,35,1,0
108.26,131.72,114.5,5.87,5.59,4.89,14.23,48.21,229.39,True,10.26,False,False,32,0,1
39.43,61.19,144.05,1.61,9.63,19.93,39.83,47.55,422.38,False,12.82,True,False,29,0,0
159.77,66.4,132.43,4.61,6.95,4.2,12.41,51.05,220.94,True,11.12,False,False,21,0,1
282.58,10.94,151.03,25.03,14.38,27.33,41.18,81.44,112.98,False,18.12,True,True,65,0,0
260.42,261.4,17.88,28.89,25.25,16.31,18.91,68.28,102.04,False,27.37,True,True,39,0,0
97.25,227.49,252.03,28.27,14.73,23.01,41.52,39.17,182.3,False,21.06,True,True,15,1,0
45.48,248.45,28.24,8.2,14.23,26.19,32.21,47.92,259.03,False,5.88,True,True,21,0,0
178.37,216.2,120.73,22.1,7.42,0.31,1.58,36.68,245.15,True,2.76,False,True,97,1,0
160.43,22.78,254.45,7.95,7.87,15.18,15.3,35.61,247.52,False,16.93,True,True,35,1,0
223.3,65.27,53.83,11.97,24.72,5.22,1.22,89.55,494.35,False,21.81,False,True,84,1,0
294.67,271.14,151.5,8.69,13.14,1.91,37.11,33.72,209.29,False,8.85,True,True,88,1,0
38.53,118.73,185.87,26.57,12.45,25.17,23.2,15.01,464.57,False,4.34,True,True,27,1,0
241.48,228.67,10.93,25.07,12.74,12.69,16.26,66.55,440.91,False,20.43,True,True,91,1,0
20.43,80.45,245.75,0.03,10.13,5.38,7.33,13.38,343.81,False,17.99,True,True,43,1,0
110.0,124.78,120.32,9.72,4.3,4.61,17.7,43.96,228.57,True,10.11,False,False,57,1,1
236.5,230.39,249.13,2.06,29.99,15.25,43.02,29.27,380.98,False,6.97,True,True,92,1,0
142.7,113.5,133.15,6.65,5.83,3.1,13.55,47.53,220.0,True,11.52,False,False,84,0,1
64.97,118.41,202.39,10.15,22.88,8.52,7.21,25.91,481.72,True,29.2,True,True,56,1,0
37.89,53.76,70.42,17.58,5.75,3.85,14.1,70.24,315.02,False,23.53,True,True,65,1,0
267.64,244.34,295.77,3.71,18.55,22.24,44.08,43.87,225.78,False,2.24,True,True,91,0,0
131.71,258.4,16.91,4.7,28.37,3.13,45.38,47.04,233.65,False,2.08,False,True,16,0,0
54.06,23.64,148.8,6.71,9.61,12.61,8.25,47.28,370.13,False,13.23,True,True,76,0,0
67.58,293.18,156.81,15.4,25.94,5.36,1.3,83.77,276.77,False,20.4,True,True,27,1,0
242.38,104.08,106.17,4.72,16.19,11.75,35.82,33.33,134.07,False,24.35,True,True,57,1,0
38.01,122.1,57.51,19.69,24.91,3.49,14.74,38.71,471.76,False,29.47,True,True,38,1,0
140.18,63.13,115.3,6.5,4.36,2.52,19.99,42.98,210.19,True,10.62,False,False,43,1,1
298.28,5.53,206.96,3.03,7.7,15.88,35.53,79.93,110.8,False,12.12,True,True,57,0,1
145.75,214.56,76.79,15.26,13.93,27.38,39.41,37.18,499.05,False,25.32,True,True,53,0,0
58.28,284.12,142.01,29.37,25.53,1.45,41.79,54.48,298.95,False,28.26,True,True,97,0,0
291.72,45.06,56.65,9.6,6.42,10.15,1.58,1.42,110.85,False,18.36,False,True,87,0,0
10.15,290.75,113.45,22.52,13.4,7.01,22.52,23.33,167.47,False,6.45,True,True,97,0,0
191.3,208.88,52.69,1.25,19.24,24.85,0.88,10.97,134.11,False,20.48,True,True,66,0,0
145.65,112.07,112.28,4.11,2.52,2.46,11.44,30.17,219.84,True,11.89,False,False,88,1,1
149.73,291.08,68.71,19.25,9.86,2.8,3.35,43.69,278.32,False,0.11,True,True,36,0,0
264.32,66.48,237.26,21.28,14.43,27.07,47.16,41.33,333.77,True,29.81,True,True,59,1,0
171.81,100.92,59.03,7.38,4.56,9.3,15.34,30.06,342.81,True,6.11,True,True,58,0,0
179.29,168.17,45.95,13.45,0.98,3.24,47.08,64.34,312.18,False,11.66,True,True,86,0,0
3.43,69.09,155.45,9.79,2.76,17.18,13.39,8.26,208.88,False,8.19,True,True,72,0,0
162.31,217.14,54.38,18.23,27.47,27.74,0.92,74.64,295.01,False,28.39,True,True,30,1,0
180.92,104.32,24.7,0.23,2.49,1.61,9.83,70.55,140.37,True,24.24,True,True,82,1,0
131.64,112.86,55.73,18.02,22.64,14.11,9.16,49.39,489.33,False,11.76,True,True,80,1,0
202.68,221.87,234.67,20.67,26.54,24.28,31.11,26.46,462.21,False,26.2,True,True,32,0,0
227.86,178.76,138.49,13.46,29.55,1.88,22.61,58.8,215.47,False,11.18,True,True,57,0,0
124.61,293.34,79.91,2.37,25.71,29.82,19.4,47.61,180.89,False,10.21,True,True,87,0,0
231.99,123.64,88.76,26.17,26.89,19.9,7.61,2.21,463.23,False,23.91,True,True,62,1,0
268.9,285.48,38.13,12.44,29.88,29.67,33.12,78.81,382.2,False,26.77,True,True,85,0,0
82.44,155.46,219.49,19.75,3.02,21.31,48.74,51.55,114.18,False,1.62,True,True,28,1,0
150.84,207.08,128.61,16.22,17.2,23.83,19.31,11.88,491.65,False,25.32,True,True,79,0,0
108.77,45.56,153.72,4.74,4.15,3.5,13.74,17.85,104.73,False,9.4,True,True,99,0,0
174.55,66.7,155.11,8.35,6.03,2.93,16.11,30.57,220.03,False,11.01,False,False,77,1,1
109.66,98.87,161.52,4.17,2.91,2.2,11.43,45.49,220.88,True,11.76,False,False,75,1,1
106.97,114.3,155.61,7.02,4.37,4.85,17.44,53.75,215.74,True,10.94,False,False,63,0,1
21.61,285.83,251.93,14.64,26.67,23.37,4.66,18.34,126.6,False,24.57,True,True,68,1,0
220.31,107.87,267.44,2.24,27.1,11.65,10.61,11.62,467.87,False,23.12,True,True,56,0,0
156.4,106.77,118.38,4.89,2.26,3.37,16.87,56.25,220.12,True,11.57,False,False,47,0,1
248.61,95.07,247.03,8.02,24.71,29.41,2.94,22.8,116.97,False,29.18,True,True,30,1,0
72.72,176.83,145.88,12.46,2.74,1.0,31.5,39.8,365.02,False,23.12,True,True,69,0,0
257.4,253.31,201.39,1.87,12.06,24.23,26.6,4.82,295.85,False,14.77,True,False,16,0,0
166.73,119.27,148.71,6.19,4.35,2.65,15.62,51.89,214.47,True,10.51,True,False,87,0,1
157.7,172.33,5.08,24.4,14.7,8.86,43.63,34.01,184.65,False,23.19,True,True,37,0,0
38.97,241.86,52.06,25.56,21.72,24.13,42.99,7.26,282.51,False,21.25,True,True,70,1,0
85.24,252.3,87.64,23.95,23.38,15.83,19.18,85.23,403.22,False,0.91,True,False,74,1,0
54.98,19.52,187.07,19.91,21.74,26.9,27.21,52.06,119.6,False,8.16,False,True,68,0,0
247.87,111.58,282.33,1.74,15.82,9.74,20.88,27.73,219.52,False,11.59,True,True,70,1,0
117.28,193.86,245.91,13.61,2.27,25.17,44.71,45.65,129.62,False,1.74,True,True,74,0,0
82.62,110.92,222.46,15.45,13.62,5.93,5.02,20.1,131.47,False,15.47,True,True,66,1,0
122.2,85.98,164.81,4.4,2.58,2.79,16.5,52.06,223.92,True,11.51,False,True,76,1,1
148.61,65.0,205.33,4.38,5.89,13.22,42.81,18.69,398.06,False,17.76,False,True,16,0,0
4.34,15.18,11.85,12.41,0.58,17.21,1.58,29.08,312.18,False,17.86,True,True,55,1,0
232.25,134.81,247.92,8.24,9.58,14.38,16.56,50.39,264.8,True,15.28,True,True,12,0,0
117.68,111.34,135.03,8.53,2.27,3.6,17.92,54.76,222.56,False,11.66,False,False,16,1,1
189.1,60.07,29.82,3.66,13.03,2.06,8.34,18.12,391.83,True,22.92,True,True,82,0,0
278.99,124.18,93.35,7.49,11.96,15.68,37.05,85.23,147.64,False,3.66,True,True,19,1,0
133.99,99.27,129.43,6.28,5.97,3.77,10.29,31.53,225.57,True,10.93,True,False,76,0,1
2.94,149.57,128.8,21.18,13.25,25.39,28.29,74.09,123.43,False,12.27,False,True,40,0,0
51.59,109.29,240.81,16.99,15.89,16.14,37.55,22.18,431.09,False,17.83,True,True,86,1,0
41.39,221.62,170.89,3.79,28.36,1.39,1.78,6.33,252.05,False,7.08,True,True,45,1,0
143.27,271.69,74.13,12.34,2.54,1.32,45.72,46.12,406.23,False,10.62,True,True,42,0,0
120.18,77.88,109.3,7.56,2.14,4.04,13.95,45.75,219.78,True,10.33,False,False,88,1,1
168.61,277.7,101.12,7.98,9.41,22.81,36.6,9.59,263.57,True,0.39,True,True,45,1,0
66.14,275.58,119.66,10.94,2.56,20.65,40.58,73.69,104.9,False,26.37,False,True,62,0,0
126.83,132.93,136.0,0.08,18.52,13.37,35.96,25.68,349.4,True,12.28,True,True,44,1,0
221.53,100.16,79.05,7.35,18.23,3.06,46.49,19.83,185.41,False,25.14,True,True,32,1,0
131.11,133.44,162.3,9.92,3.2,2.03,19.82,58.7,218.61,True,11.31,True,False,93,1,1
206.49,115.29,81.81,25.04,8.45,26.03,1.94,60.47,231.29,False,26.37,True,True,60,1,0
294.68,78.12,164.48,22.43,11.28,7.69,45.17,18.64,339.68,False,22.05,True,True,89,1,0
72.66,171.57,91.6,10.01,23.5,26.27,12.79,60.07,183.56,False,25.39,True,True,92,0,0
119.73,249.81,2.89,27.85,20.84,11.55,16.8,50.98,131.53,False,0.62,True,True,61,1,0
168.18,175.43,102.86,17.85,15.35,20.69,31.01,27.41,124.1,False,3.44,True,True,34,1,0
131.47,42.16,67.72,3.2,6.41,25.78,40.29,31.0,259.19,False,2.9,True,False,19,1,0
26.57,163.52,24.11,12.24,8.35,2.47,30.69,53.19,175.54,False,22.64,True,True,82,0,0
134.2,74.38,138.77,9.91,4.9,4.74,10.8,32.9,223.07,True,11.3,False,True,78,0,1
17.48,88.95,94.32,23.8,18.07,3.26,2.26,86.83,162.81,False,26.74,True,True,73,0,0
154.55,94.35,139.78,6.36,3.35,2.57,14.39,43.73,215.85,True,10.36,False,False,80,0,1
6.74,158.89,119.0,14.39,2.84,1.35,0.11,42.64,495.65,False,9.44,True,True,83,0,0
188.93,269.64,89.8,21.02,23.13,8.3,9.85,45.49,378.96,True,27.83,True,True,41,0,0
246.46,0.27,199.17,14.22,18.24,11.5,35.53,58.62,444.51,False,22.69,True,True,39,0,0
73.04,12.47,104.24,14.77,18.73,18.18,28.84,83.7,250.4,False,22.41,True,True,44,1,0
66.69,254.85,119.45,24.99,14.49,29.88,37.04,18.99,418.18,False,15.91,True,True,32,0,0
135.84,227.76,220.12,29.66,14.61,29.83,39.88,31.52,476.46,False,11.0,True,True,50,1,0
207.98,227.14,41.8,2.29,20.26,14.8,6.03,58.21,443.08,False,19.14,False,True,85,0,0
275.49,250.26,188.78,8.84,24.96,26.71,33.05,19.11,290.36,False,23.08,True,True,80,1,0
111.97,76.99,126.9,7.05,2.56,4.08,19.15,56.52,224.36,True,10.17,False,False,15,0,1
158.14,249.77,101.87,23.67,29.78,0.6,23.14,60.37,391.1,False,27.49,True,True,24,0,0
8.65,35.27,53.58,3.19,23.71,3.15,7.54,15.75,153.18,False,17.05,True,True,60,0,0
167.66,202.28,142.02,28.24,24.77,29.84,22.64,25.08,441.21,False,12.56,True,True,70,1,0
227.27,60.52,5.03,11.62,17.65,4.87,20.35,53.17,317.14,False,0.75,True,True,50,0,0
188.71,161.3,272.15,17.39,6.48,6.04,18.42,45.51,126.77,False,23.43,True,True,65,0,0
53.72,275.25,141.48,9.11,22.15,4.64,43.56,47.42,430.0,False,28.74,True,True,38,0,0
95.73,77.78,170.71,8.96,23.17,0.79,38.04,71.1,451.85,False,24.94,False,True,96,1,0
113.88,110.11,155.35,7.26,3.98,4.46,17.59,40.35,221.53,True,11.34,False,False,51,0,1
255.35,206.53,116.94,10.73,28.78,9.9,15.7,26.57,216.55,False,21.14,False,True,46,1,0
109.17,117.25,139.24,5.92,5.21,4.08,13.57,57.97,228.06,False,11.52,False,False,70,1,1
24.7,177.16,216.25,13.7,28.83,14.16,25.99,20.64,106.29,False,16.95,True,False,47,0,0
118.76,94.14,142.98,7.48,6.42,3.07,10.78,59.91,215.96,True,11.51,False,False,65,1,1
147.82,75.42,139.22,4.81,3.77,3.86,11.65,54.87,224.99,True,10.58,False,False,44,1,1
164.46,79.81,117.89,4.32,3.63,3.92,19.61,34.46,213.82,False,11.22,False,True,65,0,1
260.59,80.69,149.12,14.42,24.01,20.04,46.75,2.15,378.32,False,16.99,False,True,90,0,0
68.39,65.53,25.53,19.45,15.45,18.07,49.92,31.98,389.87,False,8.26,True,True,39,1,0
139.74,134.72,260.81,0.62,7.72,11.3,3.99,67.02,390.06,False,27.75,True,True,35,1,0
280.41,213.19,223.48,22.84,12.28,0.08,43.68,71.71,395.3,False,25.94,True,True,53,0,0
178.86,81.61,164.82,4.2,4.56,3.3,12.82,44.91,226.89,True,10.88,False,True,35,1,1
92.5,274.27,10.17,18.36,12.72,21.47,0.15,44.35,226.83,False,29.05,True,True,35,1,0
151.24,117.85,134.58,8.09,4.57,4.42,12.9,35.6,214.32,True,10.01,True,False,23,1,1
